id,facility_name,lat,long,type,subregion,renewables_pct,co2e_lb_per_mwh_egrid2023,co2_lb_per_mwh_egrid2023
2744301,Verizon,40.54425558,-74.49652096,building,RFCE,4.0,599.17,596.904
9474864,Google Data Center,35.8947377,-81.54651453,campus,SRVC,9.9,596.326,593.419
13924557,Project Alluvion,41.51595464,-93.71171866,campus,MROW,43.5,926.552,920.13
14593270,Apple - Maiden Data Center,35.58877136,-81.26180877,campus,SRVC,9.9,596.326,593.419
14930068,HPC (880),35.04994198,-106.542822,building,AZNM,22.3,706.189,703.703
14997588,Meta Henrico Data Center,37.48276328,-77.23645509,campus,SRVC,9.9,596.326,593.419
15884451,Barclays Datacenter,40.64375303,-74.28548117,building,RFCE,4.0,599.17,596.904
16282459,CyberNAP Glen Burnie,39.14024171,-76.60643112,building,RFCE,4.0,599.17,596.904
18518989,Meta Huntsville Data Center,34.84412326,-86.62842323,campus,SRTV,9.1,903.306,898.079
29827954,CoreSite BO1,42.37670588,-71.07975762,building,NEWE,19.2,543.178,539.275
30666790,USPO Terminal Annex,34.05810224,-118.2353929,building,CAMX,46.5,429.983,428.464
31800424,LightEdge SAN1,32.82786552,-117.1299339,building,CAMX,46.5,429.983,428.464
32560290,RagingWire CA2,38.65039953,-121.4919461,building,CAMX,46.5,429.983,428.464
32560292,RagingWire CA1,38.65043183,-121.4891865,building,CAMX,46.5,429.983,428.464
35491576,Equinix SV1,37.2415868,-121.7833201,building,CAMX,46.5,429.983,428.464
37947313,OpenColo,37.37881629,-121.9559373,building,CAMX,46.5,429.983,428.464
37947314,Equinix Santa Clara SV2,37.37843369,-121.9549919,building,CAMX,46.5,429.983,428.464
37947315,Layer42 Santa Clara,37.37803995,-121.9541511,building,CAMX,46.5,429.983,428.464
38305431,Digital Realty Silicon Valley SJC34,37.3723882,-121.9736195,building,CAMX,46.5,429.983,428.464
38305568,,37.37151905,-121.9696974,building,CAMX,46.5,429.983,428.464
38305611,,37.37338591,-121.9726929,building,CAMX,46.5,429.983,428.464
40608200,Cologix Santa Clara SV1 Data Center,37.36533281,-121.9617004,building,CAMX,46.5,429.983,428.464
42323063,Netrality Data Centers,38.62926158,-90.19717483,building,SRMW,15.2,1248.582,1239.839
45583050,,38.8034146,-77.51057748,building,SRVC,9.9,596.326,593.419
45776978,Amazon IAD11,38.79050001,-77.54111112,building,SRVC,9.9,596.326,593.419
45776979,Amazon IAD24,38.79035015,-77.54000634,building,SRVC,9.9,596.326,593.419
45776988,Amazon IAD7,38.79120375,-77.53827709,building,SRVC,9.9,596.326,593.419
46831933,VA 4,38.77811127,-77.59487615,building,SRVC,9.9,596.326,593.419
48242814,Amazon IAD10,39.02164555,-77.43287558,building,SRVC,9.9,596.326,593.419
48242816,Amazon IAD32,39.02156932,-77.43479445,building,SRVC,9.9,596.326,593.419
52059176,NTT RagingWire Data Center,45.54958399,-122.9373929,building,NWPP,55.1,635.267,631.735
52094269,Cyxtera Sterling IAD1-B,39.0239073,-77.41518976,building,SRVC,9.9,596.326,593.419
52094270,Cyxtera Sterling IAD1-A,39.02332121,-77.41320102,building,SRVC,9.9,596.326,593.419
52094294,Cyxtera Sterling IAD1-C,39.02475555,-77.41220366,building,SRVC,9.9,596.326,593.419
52227492,Flexential Minneapolis - Chaska,44.85159287,-93.59883127,building,MROW,43.5,926.552,920.13
52958203,Pearl Plaza Office Building,39.74523035,-104.9793322,building,RMPA,41.9,1042.539,1036.601
54173383,CoreSite SV3,37.37514209,-121.9717094,building,CAMX,46.5,429.983,428.464
54173753,CoreSite SV6,37.37630188,-121.9720838,building,CAMX,46.5,429.983,428.464
54173755,CoreSite SV8,37.37738266,-121.9718401,building,CAMX,46.5,429.983,428.464
54383196,CoreSite SV5,37.3751961,-121.9706898,building,CAMX,46.5,429.983,428.464
54383197,CoreSite SV9,37.37555852,-121.96961,building,CAMX,46.5,429.983,428.464
59294476,STACK NVA01A - Northern Virginia,39.00469915,-77.44176407,building,SRVC,9.9,596.326,593.419
63619642,Minnesota Gateway Data Center,44.97130185,-93.25465187,building,MROW,43.5,926.552,920.13
69827429,IBM Building,42.64935307,-73.75274525,building,NYUP,41.8,242.776,242.089
71187940,,42.32626638,-83.07698606,building,RFCM,11.2,975.978,970.617
79056848,,43.14361852,-70.95247263,building,NEWE,19.2,543.178,539.275
79158387,VA3,38.94844596,-77.32728437,building,SRVC,9.9,596.326,593.419
79159494,IAD1,38.94881628,-77.32940997,building,SRVC,9.9,596.326,593.419
79298926,CoreSite Reston Campus VA1,38.95058588,-77.3645476,building,SRVC,9.9,596.326,593.419
79818498,CoreSite Reston VA3,38.94846757,-77.3723698,building,SRVC,9.9,596.326,593.419
89784186,Insurance Exchange Building,39.74557178,-104.9956911,building,RMPA,41.9,1042.539,1036.601
93210344,Lincoln Rackhouse Maryland,39.05856288,-76.96432171,building,RFCE,4.0,599.17,596.904
95782052,Equinix NY7 Data Center,40.79686367,-74.03114084,building,RFCE,4.0,599.17,596.904
99813512,Equinix SV4,37.41456431,-122.0145795,building,CAMX,46.5,429.983,428.464
104082694,Aureon,41.58799897,-93.63100935,building,MROW,43.5,926.552,920.13
109458128,Intergate Manhattan,40.71088871,-74.00120443,building,NYCW,0.6,865.744,864.469
116005354,,35.58801264,-81.26252688,building,SRVC,9.9,596.326,593.419
122665255,Digital Realty New York HVN10,41.24084597,-73.14729942,building,NEWE,19.2,543.178,539.275
131891022,Iron Mountain Records Storage,33.42038003,-112.0413258,building,AZNM,22.3,706.189,703.703
132746406,Equinix SV8,37.44589695,-122.1607765,building,CAMX,46.5,429.983,428.464
138260136,NCSA Petascale Computing Facility,40.09525911,-88.2420314,building,SRMW,15.2,1248.582,1239.839
151179323,Lumen,33.49433566,-112.0707857,building,AZNM,22.3,706.189,703.703
152163711,L3Harris Technologies Inc,33.30535847,-111.671704,building,AZNM,22.3,706.189,703.703
152163722,AZ Labs,33.30627198,-111.6717003,building,AZNM,22.3,706.189,703.703
155739337,Aligned Energy Data Center,33.65904093,-112.1111682,building,AZNM,22.3,706.189,703.703
156468497,,38.91370196,-77.22583813,building,SRVC,9.9,596.326,593.419
157362579,Flexential Phoenix - Deer Valley,33.68467414,-112.0983569,building,AZNM,22.3,706.189,703.703
161126131,Equinix SV5,37.24204047,-121.7818393,building,CAMX,46.5,429.983,428.464
169170979,Molina Healthcare,34.99544592,-106.6180344,building,AZNM,22.3,706.189,703.703
172739950,Switch12,36.06173889,-115.2132922,building,AZNM,22.3,706.189,703.703
172739953,Switch Las Vegas 7,36.05992515,-115.2102455,building,AZNM,22.3,706.189,703.703
187574082,Verizon Wireline Network Building,40.49490313,-74.44309493,building,RFCE,4.0,599.17,596.904
190868312,RagingWire CA3,38.64423935,-121.4987627,building,CAMX,46.5,429.983,428.464
191655977,,41.22148562,-95.86382197,building,MROW,43.5,926.552,920.13
192307107,360 Spear Street Data Center,37.78899166,-122.3901367,building,CAMX,46.5,429.983,428.464
193611192,Equinix New York Secaucus NY5,40.77860178,-74.07230107,building,RFCE,4.0,599.17,596.904
193611211,Equinix New York Secaucus NY4,40.77642808,-74.06977591,building,RFCE,4.0,599.17,596.904
193611219,Equinix New York Secaucus NY2,40.77741951,-74.07591693,building,RFCE,4.0,599.17,596.904
193612533,AT&T Secaucus Enterprise Data Center,40.78616439,-74.06918218,building,RFCE,4.0,599.17,596.904
194049551,QTS Sacramento,38.64634933,-121.4862227,building,CAMX,46.5,429.983,428.464
195165330,,39.29060065,-94.67586457,building,SPNO,40.1,867.74,861.999
195165354,,39.29565787,-94.6734719,building,SPNO,40.1,867.74,861.999
195165374,Black Rock Financial Management,39.29549175,-94.67802527,building,SPNO,40.1,867.74,861.999
195169261,,39.3024057,-94.6847918,building,SPNO,40.1,867.74,861.999
195664350,Cherokee Data Center,36.26254606,-95.91003133,building,SPSO,36.7,875.567,872.042
200989527,Xfinity/Comcast Data Center,39.58830728,-104.8324348,building,RMPA,41.9,1042.539,1036.601
204316962,IO Datacenter,40.52090134,-74.34731684,building,RFCE,4.0,599.17,596.904
204460681,DataBank Piscataway EWR2,40.54921345,-74.45820962,building,RFCE,4.0,599.17,596.904
204460799,Optimum,40.54682624,-74.49202896,building,RFCE,4.0,599.17,596.904
204460812,Equinix,40.54488193,-74.49538058,building,RFCE,4.0,599.17,596.904
204460835,Barclays Datacenter,40.54724427,-74.45973726,building,RFCE,4.0,599.17,596.904
204460903,Digital Realty New York EWR12,40.5529045,-74.45930065,building,RFCE,4.0,599.17,596.904
204460950,Digital Realty New York EWR11,40.55377882,-74.45717948,building,RFCE,4.0,599.17,596.904
205724881,Intergate Seattle East Building 2,47.4950309,-122.2905696,building,NWPP,55.1,635.267,631.735
205724885,Intergate Seattle East Building 1,47.49485963,-122.2881943,building,NWPP,55.1,635.267,631.735
205823968,Equinix SV15,37.37549515,-121.9884063,building,CAMX,46.5,429.983,428.464
205823970,Equinix SV16,37.37611802,-121.988688,building,CAMX,46.5,429.983,428.464
205823971,Equinix SV17,37.376529,-121.9885839,building,CAMX,46.5,429.983,428.464
205823980,Equinix SV14,37.37496214,-121.9885093,building,CAMX,46.5,429.983,428.464
205846843,CoreSite SV4,37.37626311,-121.9706842,building,CAMX,46.5,429.983,428.464
209073635,Lumen Santa Clara,37.37700481,-121.9520819,building,CAMX,46.5,429.983,428.464
209073636,Prime Santa Clara,37.37500512,-121.9532252,building,CAMX,46.5,429.983,428.464
209073641,Digital Realty Silicon Valley SJC10,37.37582291,-121.9533354,building,CAMX,46.5,429.983,428.464
209073645,Colovore,37.37672947,-121.9531488,building,CAMX,46.5,429.983,428.464
209073647,Digital Realty Silicon Valley SJC30,37.37828897,-121.9581053,building,CAMX,46.5,429.983,428.464
209073649,Digital Realty Silicon Valley SJC15,37.37499655,-121.9540769,building,CAMX,46.5,429.983,428.464
209073653,Digital Realty Silicon Valley SJC16,37.3749291,-121.9559862,building,CAMX,46.5,429.983,428.464
209073657,Digital Realty Silicon Valley SJC29,37.3750232,-121.9580962,building,CAMX,46.5,429.983,428.464
209073659,Prime SANTA CLARA DATA CENTER,37.37502631,-121.9548807,building,CAMX,46.5,429.983,428.464
209076412,Digital Realty,37.37634101,-121.948531,building,CAMX,46.5,429.983,428.464
209077298,Lumen,37.3775848,-121.9506821,building,CAMX,46.5,429.983,428.464
209087373,2805 Lafayette Street,37.3722499,-121.9483289,building,CAMX,46.5,429.983,428.464
209105766,,37.37977911,-121.94991,building,CAMX,46.5,429.983,428.464
210917861,Data Storage Centers,33.42169287,-112.0343031,building,AZNM,22.3,706.189,703.703
211832626,,42.68570899,-71.20859932,building,NEWE,19.2,543.178,539.275
215630401,Flexential Charlotte - South,35.13543065,-80.93687158,building,SRVC,9.9,596.326,593.419
220518160,Digital Realty Data Center,33.34464821,-111.8992268,building,AZNM,22.3,706.189,703.703
221201212,,47.69332367,-122.3173172,building,NWPP,55.1,635.267,631.735
221897579,Equinix DC97,38.96157142,-77.37742308,building,SRVC,9.9,596.326,593.419
222672860,Amazon IAD-55,38.81506151,-77.64876376,building,SRVC,9.9,596.326,593.419
223783259,CTI Biopharma,47.61778781,-122.356693,building,NWPP,55.1,635.267,631.735
223928497,Westin Building,47.61435538,-122.3388642,building,NWPP,55.1,635.267,631.735
224100721,COPT Data Center,38.74728121,-77.53184529,building,SRVC,9.9,596.326,593.419
224174031,SV Colo,37.36431022,-121.9587993,building,CAMX,46.5,429.983,428.464
224998784,,37.36206621,-121.9464364,building,CAMX,46.5,429.983,428.464
225745958,OVH US East Vint Hill,38.7474447,-77.67445377,building,SRVC,9.9,596.326,593.419
231047065,NCAR-Wyoming Supercomputing Center,41.12879049,-104.8974868,building,RMPA,41.9,1042.539,1036.601
231664575,The Seattle Times,47.61898483,-122.3364616,building,NWPP,55.1,635.267,631.735
231769626,Google Data Center The Dalles Oregon,45.63204799,-121.2013022,campus,NWPP,55.1,635.267,631.735
233888384,Segra Data Center,35.72499209,-78.66236321,building,SRVC,9.9,596.326,593.419
234722029,Equinix Ashburn DC2,39.01647071,-77.45900625,building,SRVC,9.9,596.326,593.419
234722720,H5 Data Centers Ashburn,39.01367499,-77.4517199,building,SRVC,9.9,596.326,593.419
239032142,TierPoint Sioux Falls West Data Center,43.60697078,-96.8091949,building,MROW,43.5,926.552,920.13
239147373,Lumen McLean,38.92002072,-77.21161872,building,SRVC,9.9,596.326,593.419
239147724,DataBank McLean IAD2,38.91990515,-77.213585,building,SRVC,9.9,596.326,593.419
240724127,eBay,40.56374933,-112.0477249,building,NWPP,55.1,635.267,631.735
244490839,PhoenixNAP,33.41605054,-112.0094263,building,AZNM,22.3,706.189,703.703
250052753,32 Avenue of the Americas,40.71999848,-74.00463587,building,NYCW,0.6,865.744,864.469
251716328,Digital Realty,38.9101327,-77.47258022,building,SRVC,9.9,596.326,593.419
253682978,TierPoint,38.62976101,-90.19642027,building,SRMW,15.2,1248.582,1239.839
254583328,Verizon,36.14473261,-115.0779282,building,AZNM,22.3,706.189,703.703
256728809,,41.26141937,-95.93649511,building,MROW,43.5,926.552,920.13
257581364,Flexential - Richmond,37.64689021,-77.43869517,building,SRVC,9.9,596.326,593.419
258343744,Amazon IAD-9,38.89965169,-77.45344041,building,SRVC,9.9,596.326,593.419
258343748,Amazon IAD22,38.89790175,-77.45510184,building,SRVC,9.9,596.326,593.419
258343749,Amazon IAD-1,38.89785914,-77.45407519,building,SRVC,9.9,596.326,593.419
258519934,,38.90924511,-77.47224543,building,SRVC,9.9,596.326,593.419
258519959,,38.90979813,-77.47346579,building,SRVC,9.9,596.326,593.419
260996040,,38.7508166,-77.19627276,building,SRVC,9.9,596.326,593.419
273895868,Cyxtera Sterling DC7,38.98092475,-77.44424695,building,SRVC,9.9,596.326,593.419
273896089,,38.98441813,-77.42381652,building,SRVC,9.9,596.326,593.419
273896096,,38.98488675,-77.42564884,building,SRVC,9.9,596.326,593.419
273896102,,38.98360375,-77.42410521,building,SRVC,9.9,596.326,593.419
279410762,Cyxtera (Digital Realty Trust) Citibank Data Center,40.76076493,-74.02575834,building,RFCE,4.0,599.17,596.904
279410766,Digital Realty New Jersey EWR10,40.76183108,-74.02502491,building,RFCE,4.0,599.17,596.904
283051469,,47.24621228,-119.8132294,building,NWPP,55.1,635.267,631.735
283051470,,47.24765247,-119.8131868,building,NWPP,55.1,635.267,631.735
283051471,,47.24616793,-119.815756,building,NWPP,55.1,635.267,631.735
283051472,Intergate Quincy Data Center,47.24532713,-119.8159312,campus,NWPP,55.1,635.267,631.735
283051474,H5 Data Center,47.25141149,-119.8187531,campus,NWPP,55.1,635.267,631.735
283051475,,47.25257381,-119.8196649,building,NWPP,55.1,635.267,631.735
283051477,Yahoo Data Center,47.24698454,-119.8277818,campus,NWPP,55.1,635.267,631.735
283051478,,47.24673555,-119.8288659,building,NWPP,55.1,635.267,631.735
283051481,,47.24599141,-119.8297912,building,NWPP,55.1,635.267,631.735
283051482,,47.2459894,-119.8291703,building,NWPP,55.1,635.267,631.735
283051483,,47.24598937,-119.8281588,building,NWPP,55.1,635.267,631.735
283051484,,47.2460033,-119.8275415,building,NWPP,55.1,635.267,631.735
283051485,,47.24606674,-119.8286616,building,NWPP,55.1,635.267,631.735
283051487,NTTData Data Center,47.24435999,-119.8646326,campus,NWPP,55.1,635.267,631.735
283051493,,47.24022444,-119.8632117,building,NWPP,55.1,635.267,631.735
288909509,,39.29012105,-94.68505095,building,SPNO,40.1,867.74,861.999
289620443,Digital Realty San Francisco SFO10,37.7236017,-122.397936,building,CAMX,46.5,429.983,428.464
289884123,33 Thomas Street,40.71652498,-74.00591306,building,NYCW,0.6,865.744,864.469
290101976,VentureData,43.82524323,-111.7820928,building,NWPP,55.1,635.267,631.735
292506449,,39.59013144,-104.8469633,building,RMPA,41.9,1042.539,1036.601
292506452,zColo by Zayo,39.59135175,-104.8470386,building,RMPA,41.9,1042.539,1036.601
293211683,Intergate Seattle East Building 5,47.49191977,-122.2897362,building,NWPP,55.1,635.267,631.735
293211686,Intergate Seattle East Building 3,47.49355624,-122.2903016,building,NWPP,55.1,635.267,631.735
293211687,Intergate Seattle East Building 4,47.49341087,-122.2888583,building,NWPP,55.1,635.267,631.735
296374269,Flexential Allentown data center,40.63569532,-75.45757328,building,RFCE,4.0,599.17,596.904
298126010,Digital Realty ACC4,39.01790179,-77.46254912,building,SRVC,9.9,596.326,593.419
298127059,Equinix Ashburn DC1,39.01556033,-77.46032654,building,SRVC,9.9,596.326,593.419
298127361,Equinix Ashburn DC5,39.0159873,-77.46124798,building,SRVC,9.9,596.326,593.419
298127420,Equinix Ashburn DC11,39.01493075,-77.45880365,building,SRVC,9.9,596.326,593.419
298242260,Equinix Ashburn DC3,39.02194799,-77.4602871,building,SRVC,9.9,596.326,593.419
298242335,Digital Realty ACC3,39.01993591,-77.4598418,building,SRVC,9.9,596.326,593.419
299388896,CoreSite SV2,37.40568311,-121.9162412,building,CAMX,46.5,429.983,428.464
299927846,Amazon IAD-76,38.99378528,-77.45050946,building,SRVC,9.9,596.326,593.419
299929061,Amazon IAD-12,38.98872331,-77.44767142,building,SRVC,9.9,596.326,593.419
299946152,,38.99463732,-77.44790209,building,SRVC,9.9,596.326,593.419
300162674,Digital Realty ACC5,39.02011264,-77.46307101,building,SRVC,9.9,596.326,593.419
300162675,Digital Realty ACC6,39.02106804,-77.46358953,building,SRVC,9.9,596.326,593.419
300162689,Level 3 Ashburn,39.02217256,-77.45759526,building,SRVC,9.9,596.326,593.419
300163074,,39.02214034,-77.45360972,building,SRVC,9.9,596.326,593.419
300163083,NTT Ashburn VA1 Data Center,39.02276446,-77.45486923,building,SRVC,9.9,596.326,593.419
300952513,Digital Realty Phoenix PHX15,33.27497379,-111.8866262,building,AZNM,22.3,706.189,703.703
300959969,H5 Phoenix,33.27691084,-111.8859091,building,AZNM,22.3,706.189,703.703
300959970,CyrusOne PHX1,33.27085533,-111.8819115,building,AZNM,22.3,706.189,703.703
300969250,Equinix DC13,39.01253746,-77.47539287,building,SRVC,9.9,596.326,593.419
300969614,Digital Realty Northern Virginia IAD14,39.00333638,-77.48709346,building,SRVC,9.9,596.326,593.419
300969615,Amazon Web Services Building C,39.00275165,-77.48544867,building,SRVC,9.9,596.326,593.419
300969616,Digital Realty Northern Virginia IAD12,39.00202151,-77.48334544,building,SRVC,9.9,596.326,593.419
300969617,Digital Realty Building A,39.00275465,-77.48195443,building,SRVC,9.9,596.326,593.419
300969619,Digital Realty Northern Virginia IAD24,39.00429228,-77.48435474,building,SRVC,9.9,596.326,593.419
300970759,Databank Ashburn IAD1,39.0155488,-77.48213788,building,SRVC,9.9,596.326,593.419
300970761,Golds Gym Ashburn,39.01560148,-77.48327064,building,SRVC,9.9,596.326,593.419
300974499,Apple Data Center,33.34701916,-111.6040562,building,AZNM,22.3,706.189,703.703
302702428,Lumen Albany 4,42.73573983,-73.81833865,building,NYUP,41.8,242.776,242.089
314032203,Lumen,47.6024993,-117.3689443,building,NWPP,55.1,635.267,631.735
318069356,John F. Simms Building,35.6724439,-105.9565752,building,AZNM,22.3,706.189,703.703
321385147,"Meta Prineville Data Center, phase1",44.29588334,-120.8872614,building,NWPP,55.1,635.267,631.735
325096144,Adobe Data Center,45.55018169,-122.9318121,building,NWPP,55.1,635.267,631.735
328702378,Stack Infrastructure Portland 2 Data Center,45.54731179,-122.897449,building,NWPP,55.1,635.267,631.735
328702750,Digital Realty PDX10 Data Center,45.54761722,-122.891958,building,NWPP,55.1,635.267,631.735
328703598,Flexential,45.5498209,-122.8908514,building,NWPP,55.1,635.267,631.735
328703599,Flexential Portland - Hillsboro 1,45.55033399,-122.8922017,building,NWPP,55.1,635.267,631.735
329551673,Flexential Louisville - East,38.27719783,-85.50724112,building,SRTV,9.1,903.306,898.079
330276516,Flexential Louisville - Downtown,38.24249601,-85.73335104,building,SRTV,9.1,903.306,898.079
334264478,Terminal Commerce Building,39.95980953,-75.16083249,building,RFCE,4.0,599.17,596.904
335468616,TierPoint,47.67191687,-117.0959348,building,NWPP,55.1,635.267,631.735
336387583,Baltimore Technology Park,39.27538391,-76.62552663,building,RFCE,4.0,599.17,596.904
337126739,Intergate Seattle West Building C,47.49413119,-122.2944069,building,NWPP,55.1,635.267,631.735
337126741,Intergate Seattle West Building B,47.49307629,-122.2936839,building,NWPP,55.1,635.267,631.735
337126742,Intergate Seattle West Building A,47.49214783,-122.2933198,building,NWPP,55.1,635.267,631.735
337127817,Vantage WA11,47.25016455,-119.8144903,building,NWPP,55.1,635.267,631.735
337127824,NTT Data Quincy,47.24358751,-119.8657116,building,NWPP,55.1,635.267,631.735
337127832,,47.2388186,-119.8593593,building,NWPP,55.1,635.267,631.735
337127833,,47.23826233,-119.8593663,building,NWPP,55.1,635.267,631.735
342664739,Geneseo Communications Inc,41.55026945,-90.48240923,building,MROW,43.5,926.552,920.13
345650474,,40.55281873,-74.45667584,building,RFCE,4.0,599.17,596.904
354590432,,40.78473887,-74.06435818,building,RFCE,4.0,599.17,596.904
355926681,Flexential Salt Lake City - South Valley,40.62035188,-111.9860469,building,NWPP,55.1,635.267,631.735
358455179,,37.36168659,-121.9439113,building,CAMX,46.5,429.983,428.464
358946546,QES Computers,37.6994753,-121.9037995,building,CAMX,46.5,429.983,428.464
359930465,Equinix SE3 Data Center,47.61442273,-122.3397434,building,NWPP,55.1,635.267,631.735
362662493,QTS Piscataway Data Center,40.55716263,-74.48418722,building,RFCE,4.0,599.17,596.904
363017375,AiNET,39.05282251,-76.92590822,building,RFCE,4.0,599.17,596.904
368724474,Equinix DC7,38.90913922,-77.22055679,building,SRVC,9.9,596.326,593.419
368724479,Element Critical VA1,38.9083675,-77.2197442,building,SRVC,9.9,596.326,593.419
369452572,Pittock Block,45.52154358,-122.680704,building,NWPP,55.1,635.267,631.735
369728508,Data Center,45.52668379,-122.8755038,building,NWPP,55.1,635.267,631.735
373945186,"Meta Prineville Data Center, phase 2",44.29489362,-120.8839984,building,NWPP,55.1,635.267,631.735
376627431,CSSNW Bellingham,48.75726819,-122.4805475,building,NWPP,55.1,635.267,631.735
377545385,Flexential Denver - Englewood,39.55897087,-104.8375534,building,RMPA,41.9,1042.539,1036.601
377585075,EdgeConneX Detroit DET01,42.44769691,-83.26266714,building,RFCM,11.2,975.978,970.617
380282154,VISA Data Center,39.04872822,-77.4454155,building,SRVC,9.9,596.326,593.419
383728972,Hurricane Electric Fremont 1,37.48986462,-121.9310165,building,CAMX,46.5,429.983,428.464
384310269,Hurricane Electric Fremont 2,37.47182724,-121.9203106,building,CAMX,46.5,429.983,428.464
390287635,Equinix SV6,37.39960174,-122.0145625,building,CAMX,46.5,429.983,428.464
396296733,Centersquare Lynnwood SE1,47.8418108,-122.3016903,building,NWPP,55.1,635.267,631.735
397914434,,44.28941553,-120.8750775,building,NWPP,55.1,635.267,631.735
400540223,Walmart Colorado Data Center,38.9857552,-104.7872042,building,RMPA,41.9,1042.539,1036.601
405034574,Verizon,41.33832138,-96.02777413,building,MROW,43.5,926.552,920.13
405034584,Verizon,41.33843615,-96.02861433,building,MROW,43.5,926.552,920.13
408012357,George C. Wallace Alabama Supercomputer Center,34.7365409,-86.67309883,building,SRTV,9.1,903.306,898.079
410408067,,47.23765507,-119.8644604,building,NWPP,55.1,635.267,631.735
410408073,Microsoft,47.23947855,-119.8829979,building,NWPP,55.1,635.267,631.735
410408074,Microsoft,47.23857485,-119.8830836,building,NWPP,55.1,635.267,631.735
410408079,,47.2394877,-119.8594059,building,NWPP,55.1,635.267,631.735
414055237,Microsoft CYS Datacenter,41.12340694,-104.9053083,campus,RMPA,41.9,1042.539,1036.601
414055239,,41.12623099,-104.901876,building,RMPA,41.9,1042.539,1036.601
417682780,KOMO Plaza East,47.61932493,-122.3481529,building,NWPP,55.1,635.267,631.735
417682781,KOMO Plaza West,47.61891976,-122.3485963,building,NWPP,55.1,635.267,631.735
421273622,Fidelity,41.16546905,-96.08338762,building,MROW,43.5,926.552,920.13
424945736,,33.91772905,-118.3863127,building,CAMX,46.5,429.983,428.464
424945852,DRT LAX12,33.9156489,-118.3846301,building,CAMX,46.5,429.983,428.464
426586135,Google - Thornton,39.92241856,-104.9832447,building,RMPA,41.9,1042.539,1036.601
427068319,TURBOSQUID,33.80966045,-117.9221808,building,CAMX,46.5,429.983,428.464
428021796,DRT LAX10,34.04732575,-118.2575143,building,CAMX,46.5,429.983,428.464
428021816,One Wilshire,34.04789231,-118.2555459,building,CAMX,46.5,429.983,428.464
429782814,UF Research Computing Center,29.67259113,-82.29992999,building,FRCC,6.6,784.785,782.262
435324552,"CyrusOne NVA1, NVA2 & NVA3",39.02594651,-77.41452291,building,SRVC,9.9,596.326,593.419
435518280,NAP of the Americas,25.78237898,-80.19307541,building,FRCC,6.6,784.785,782.262
435531451,,25.7975444,-80.23003372,building,FRCC,6.6,784.785,782.262
435817145,CyrusOne NVA5,39.0243271,-77.43403366,building,SRVC,9.9,596.326,593.419
438077632,Microsoft,41.54061596,-93.82494907,building,MROW,43.5,926.552,920.13
438078069,Facebook Altoona Data Center 1,41.66424113,-93.51472776,building,MROW,43.5,926.552,920.13
438078070,Facebook Altoona Data Center 2,41.66553719,-93.50817041,building,MROW,43.5,926.552,920.13
441502816,Lumen Technologies,33.71677791,-117.8058009,building,CAMX,46.5,429.983,428.464
444683815,Lumen,47.65422558,-117.4200026,building,NWPP,55.1,635.267,631.735
447803368,,43.06728878,-89.43673598,building,MROE,17.3,1404.963,1397.313
450078003,Equinix CU2,38.45493689,-77.97818715,campus,SRVC,9.9,596.326,593.419
451413811,,37.33363769,-121.8879754,building,CAMX,46.5,429.983,428.464
451491797,,40.78413404,-74.0655602,building,RFCE,4.0,599.17,596.904
451497833,Evocative Secaucus,40.78755019,-74.06804835,building,RFCE,4.0,599.17,596.904
453969917,Time Warner Datacenter,39.59896009,-104.8603775,building,RMPA,41.9,1042.539,1036.601
453969923,Time Warner Datacenter,39.5999308,-104.8601823,building,RMPA,41.9,1042.539,1036.601
459188722,Apollo Cable Landing Station,40.15704355,-74.10158205,building,RFCE,4.0,599.17,596.904
459188725,Cable & Wireless Cable Landing Station,40.84365992,-72.88334531,building,NYLI,6.5,1189.333,1180.672
460050155,Equinix Ashburn DC10,39.02101419,-77.45151284,building,SRVC,9.9,596.326,593.419
460053028,Amazon Web Services Datacenter Complex,39.02657482,-77.45106545,campus,SRVC,9.9,596.326,593.419
460053030,Amazon Web Services,39.02886986,-77.4586619,campus,SRVC,9.9,596.326,593.419
460056017,Amazon IAD-61,38.91581328,-77.49198665,building,SRVC,9.9,596.326,593.419
460056018,,38.98650208,-77.44219587,campus,SRVC,9.9,596.326,593.419
460056019,Amazon IAD51,38.99141381,-77.43650684,building,SRVC,9.9,596.326,593.419
460056020,Amazon IAD56,38.99056761,-77.43706177,building,SRVC,9.9,596.326,593.419
460056023,Amazon IAD-16,38.990699,-77.44882479,building,SRVC,9.9,596.326,593.419
460056024,Amazon IAD-15,38.9916929,-77.44857953,building,SRVC,9.9,596.326,593.419
460059465,Amazon IAD14,38.78993178,-77.54821679,building,SRVC,9.9,596.326,593.419
460060340,Amazon IAD59,38.79222601,-77.54844964,building,SRVC,9.9,596.326,593.419
460060341,Amazon IAD52,38.79106882,-77.54837196,building,SRVC,9.9,596.326,593.419
460070135,,45.9158356,-119.2663236,building,NWPP,55.1,635.267,631.735
460070136,,45.9158356,-119.2665274,building,NWPP,55.1,635.267,631.735
460070137,,45.9158356,-119.2667259,building,NWPP,55.1,635.267,631.735
460070138,,45.9158356,-119.2671121,building,NWPP,55.1,635.267,631.735
460070139,,45.9158431,-119.2673159,building,NWPP,55.1,635.267,631.735
460070140,,45.9158319,-119.2675118,building,NWPP,55.1,635.267,631.735
460070141,,45.9158356,-119.267717,building,NWPP,55.1,635.267,631.735
460070143,Amazon PDX2,45.91640356,-119.2677758,building,NWPP,55.1,635.267,631.735
460070144,Amazon Web Services us-west-2,45.84100319,-119.6527687,building,NWPP,55.1,635.267,631.735
460070145,Amazon Web Services us-west-2,45.85223534,-119.6298882,building,NWPP,55.1,635.267,631.735
460070147,Amazon Web Services us-west-2,45.85088075,-119.6305237,building,NWPP,55.1,635.267,631.735
460076753,Equinix SV3,37.38826956,-121.8884291,building,CAMX,46.5,429.983,428.464
460085343,365 Main Street Data Center,37.78873104,-122.390469,building,CAMX,46.5,429.983,428.464
460087665,Facebook Prineville Datacenter,44.2978236,-120.8858023,campus,NWPP,55.1,635.267,631.735
460089167,Meta Forest City datacenter,35.31423126,-81.82213878,building,SRVC,9.9,596.326,593.419
460089168,Meta Forest City datacenter,35.31737237,-81.82632689,building,SRVC,9.9,596.326,593.419
460159925,,37.40390424,-121.8892969,building,CAMX,46.5,429.983,428.464
460159928,,37.37043804,-121.9698295,building,CAMX,46.5,429.983,428.464
460159955,,37.3717787,-121.9725052,building,CAMX,46.5,429.983,428.464
460167186,Intergate Columbia B,47.40716363,-120.1874902,building,NWPP,55.1,635.267,631.735
460167187,Intergate Columbia A,47.40871426,-120.1892936,building,NWPP,55.1,635.267,631.735
460167190,Intergate Columbia,47.40758788,-120.1917305,campus,NWPP,55.1,635.267,631.735
460175664,,38.9942274,-77.44818874,building,SRVC,9.9,596.326,593.419
460175666,,39.02173369,-77.4527469,building,SRVC,9.9,596.326,593.419
460175672,AWS Building E,39.00505159,-77.48561243,building,SRVC,9.9,596.326,593.419
460177088,Digital Realty New Jersey EWR20,40.82992946,-74.12674913,building,RFCE,4.0,599.17,596.904
460182320,CyrusOne Somerset,40.53798638,-74.54565866,building,RFCE,4.0,599.17,596.904
460182335,BNY Mellon Somerset,40.53601965,-74.55340897,building,RFCE,4.0,599.17,596.904
460182337,,40.53753835,-74.5555404,building,RFCE,4.0,599.17,596.904
460182351,Digital Realty New Jersey EWR21,40.8305858,-74.1245144,building,RFCE,4.0,599.17,596.904
460212563,,34.19986911,-118.3437889,building,CAMX,46.5,429.983,428.464
463571875,Amazon IAD78,39.02636804,-77.44952023,building,SRVC,9.9,596.326,593.419
463571876,Amazon IAD79,39.02635737,-77.45087035,building,SRVC,9.9,596.326,593.419
464097467,,39.56710538,-119.5485735,building,NWPP,55.1,635.267,631.735
464371693,Kaiser Data Center,38.25408514,-122.2730981,building,CAMX,46.5,429.983,428.464
465062052,Amazon IAD87,38.99181367,-77.44116774,building,SRVC,9.9,596.326,593.419
465062053,Amazon IAD88,38.99096435,-77.44187049,building,SRVC,9.9,596.326,593.419
468707940,Stream Data Centers PHX-1,33.41949069,-112.3599884,building,AZNM,22.3,706.189,703.703
471691760,Flexential Portland - Hillsboro 2,45.55828552,-122.9170918,building,NWPP,55.1,635.267,631.735
472761713,NYSE Data Center,41.07830234,-74.15291808,building,NYUP,41.8,242.776,242.089
472954201,AT&T,34.57998399,-118.1140244,building,CAMX,46.5,429.983,428.464
476609221,,38.80265971,-104.521966,building,RMPA,41.9,1042.539,1036.601
480762078,Juniper,45.31873065,-122.7658736,building,NWPP,55.1,635.267,631.735
487170215,,30.01869785,-95.86367622,building,SRMV,3.0,741.741,739.72
490997243,Amazon IAD73,38.77797946,-77.55909922,building,SRVC,9.9,596.326,593.419
490997244,Amazon IAD74,38.77743693,-77.55789123,building,SRVC,9.9,596.326,593.419
495115494,,34.04791495,-118.255569,campus,CAMX,46.5,429.983,428.464
497151852,Cologix Jacksonville JAX1,30.33142982,-81.66242567,building,FRCC,6.6,784.785,782.262
499403180,Microsoft,47.23952278,-119.8873313,building,NWPP,55.1,635.267,631.735
499403181,Microsoft,47.23858947,-119.8873746,building,NWPP,55.1,635.267,631.735
499403698,,47.23855414,-119.8645822,building,NWPP,55.1,635.267,631.735
499403699,,47.24760077,-119.8254291,building,NWPP,55.1,635.267,631.735
502927599,Data Center Lenexa,38.92517007,-94.77028959,building,SPNO,40.1,867.74,861.999
516686211,Spectrum Charlotte National Data Center,35.14278902,-80.91620847,building,SRVC,9.9,596.326,593.419
517411076,Apple Prineville Datacenter,44.2888825,-120.870125,building,NWPP,55.1,635.267,631.735
523886201,Cyxtera Tampa TP1,27.94553184,-82.35116157,building,FRCC,6.6,784.785,782.262
530982335,GoDaddy - Gilbert,33.36191383,-111.839309,building,AZNM,22.3,706.189,703.703
531709017,AT&T Center,32.74757513,-117.158948,building,CAMX,46.5,429.983,428.464
533842335,,36.14048087,-86.76414722,building,SRTV,9.1,903.306,898.079
537172525,,41.12403295,-104.8980886,building,RMPA,41.9,1042.539,1036.601
537172526,,41.1240368,-104.8992687,building,RMPA,41.9,1042.539,1036.601
537172527,,41.1252836,-104.8992715,building,RMPA,41.9,1042.539,1036.601
537172528,,41.12528676,-104.8980833,building,RMPA,41.9,1042.539,1036.601
543117031,Centersquare: Phoenix - (PHX1 - Mesa),33.42128426,-111.8589942,building,AZNM,22.3,706.189,703.703
544536822,Liquid Web,42.68795132,-84.64299464,building,RFCM,11.2,975.978,970.617
544596573,Amazon IAD63,38.91688475,-77.49325147,building,SRVC,9.9,596.326,593.419
545060574,"Liquid Web, Inc",42.7053904,-84.6660891,building,RFCM,11.2,975.978,970.617
545396372,Amazon IAD62,38.94932165,-77.51987469,building,SRVC,9.9,596.326,593.419
545730285,Facebook Altoona Data Center,41.66758724,-93.51263943,campus,MROW,43.5,926.552,920.13
553223628,Stack Infrastructure,37.40255874,-121.893382,building,CAMX,46.5,429.983,428.464
553223629,Stack Infrastructure,37.40221253,-121.8923843,building,CAMX,46.5,429.983,428.464
553884511,Carfax,38.92351197,-92.28862384,building,SRMW,15.2,1248.582,1239.839
556564909,Facebook Altoona Data Center 3,41.66707142,-93.50646557,building,MROW,43.5,926.552,920.13
556599693,Amazon IAD71,39.02790807,-77.45750288,building,SRVC,9.9,596.326,593.419
556599694,Amazon IAD50,39.02956976,-77.45968289,building,SRVC,9.9,596.326,593.419
556599695,Amazon IAD-60,39.0287737,-77.4582461,building,SRVC,9.9,596.326,593.419
571010571,CyrusOne Norwalk,41.11309235,-73.38864945,building,NEWE,19.2,543.178,539.275
578393557,Apple Prineville Datacenter,44.28457329,-120.8658227,campus,NWPP,55.1,635.267,631.735
578412815,Meta Los Lunas Data Center,34.83022823,-106.7798961,campus,AZNM,22.3,706.189,703.703
578438011,Google data center Council Bluffs,41.22165805,-95.86449775,campus,MROW,43.5,926.552,920.13
581234765,,38.87213285,-99.3001732,building,SPNO,40.1,867.74,861.999
585998677,Switch Las Vegas 8,36.05783394,-115.214258,building,AZNM,22.3,706.189,703.703
585998678,Switch Las Vegas 9,36.05570756,-115.2196279,building,AZNM,22.3,706.189,703.703
588273961,Comcast Hillsborough Data Center,40.49777185,-74.61303785,building,RFCE,4.0,599.17,596.904
589070714,Information Technology Data Center,42.98209109,-70.95059275,building,NEWE,19.2,543.178,539.275
589360530,Digital Fortress Lynnwood,47.82242519,-122.289561,building,NWPP,55.1,635.267,631.735
592171280,Amazon Web Services us-west-2,45.84044354,-119.6549794,building,NWPP,55.1,635.267,631.735
592257327,Amazon PDX51/54,45.91744776,-119.2677339,building,NWPP,55.1,635.267,631.735
596690174,Amazon IAD80,39.02710866,-77.45282885,building,SRVC,9.9,596.326,593.419
596690175,Equinix Ashburn DC12,39.02300664,-77.44975814,building,SRVC,9.9,596.326,593.419
597970806,Digital Realty Northern Virginia IAD36,39.00155183,-77.4793437,building,SRVC,9.9,596.326,593.419
597970809,Digital Realty Northern Virginia IAD35,39.00051142,-77.48059545,building,SRVC,9.9,596.326,593.419
597970811,Digital Realty Northern Virginia IAD37,39.00000986,-77.47806997,building,SRVC,9.9,596.326,593.419
597970813,Digital Realty Northern Virginia IAD38,39.00110985,-77.47718416,building,SRVC,9.9,596.326,593.419
598261190,,38.94013482,-94.86769219,building,SPNO,40.1,867.74,861.999
598263496,,38.93565005,-94.86448749,building,SPNO,40.1,867.74,861.999
600806974,Equinix SV10,37.24119853,-121.7847627,building,CAMX,46.5,429.983,428.464
607483487,,39.83093011,-75.19532327,building,RFCE,4.0,599.17,596.904
607753694,,41.22040845,-96.14761886,building,MROW,43.5,926.552,920.13
609126465,,28.61746823,-81.39343863,building,FRCC,6.6,784.785,782.262
610827836,Google,33.06427218,-80.04145345,building,SRVC,9.9,596.326,593.419
610845529,TierPoint Baltimore BWI,39.2134517,-76.68284507,building,RFCE,4.0,599.17,596.904
610977485,NTT Ashburn VA2 Data Center,39.02501032,-77.45763924,building,SRVC,9.9,596.326,593.419
612045611,Goldman Sachs,40.5703722,-74.6703296,building,RFCE,4.0,599.17,596.904
617194689,Switch Las Vegas 11,36.05588519,-115.2141368,building,AZNM,22.3,706.189,703.703
618339179,365 Bridgewater NJ,40.58147447,-74.57387794,building,RFCE,4.0,599.17,596.904
626226408,Google Berkeley County Data Center,33.06378017,-80.04215854,campus,SRVC,9.9,596.326,593.419
626785488,Meta,34.83024661,-106.7838291,building,AZNM,22.3,706.189,703.703
633034071,Amazon Web Services us-west-2,45.84141357,-119.6579331,building,NWPP,55.1,635.267,631.735
634635617,Centeris SH2 Build-to-Suit,47.1588438,-122.2798615,building,NWPP,55.1,635.267,631.735
634638463,Centeris SH1 Colocation,47.16085523,-122.2793064,building,NWPP,55.1,635.267,631.735
640148472,CyrusOne Quincy,47.24369612,-119.869604,campus,NWPP,55.1,635.267,631.735
649319778,Digital Realty ACC7,39.01753209,-77.46564264,building,SRVC,9.9,596.326,593.419
649365745,NTT Ashburn Campus,39.01773032,-77.47198105,campus,SRVC,9.9,596.326,593.419
649365751,NTT Ashburn VA3 Data Center,39.01718233,-77.47037644,building,SRVC,9.9,596.326,593.419
649365764,Digital Realty ACC9,39.01546625,-77.46731853,building,SRVC,9.9,596.326,593.419
652034566,,35.58705991,-81.26027297,building,SRVC,9.9,596.326,593.419
667573133,Amazon Web Services,38.77938151,-77.54172454,building,SRVC,9.9,596.326,593.419
667796922,Oxford Networks,43.89507108,-69.92315055,building,NEWE,19.2,543.178,539.275
675108684,Microsoft Boydton Data Center,36.68537331,-78.37655327,campus,SRVC,9.9,596.326,593.419
688722307,Bank of America Data Center,37.49580861,-77.23828609,campus,SRVC,9.9,596.326,593.419
693381106,Amazon IAD68,38.94868696,-77.52095153,building,SRVC,9.9,596.326,593.419
693381107,Amazon IAD81,38.94838582,-77.52183102,building,SRVC,9.9,596.326,593.419
693385812,Google,38.94315394,-77.524369,building,SRVC,9.9,596.326,593.419
693390022,Amazon IAD120,38.95792208,-77.49806149,building,SRVC,9.9,596.326,593.419
693390023,Amazon IAD121,38.95678305,-77.49778688,building,SRVC,9.9,596.326,593.419
694493125,Microsoft,47.23765679,-119.8875726,building,NWPP,55.1,635.267,631.735
694493126,Microsoft,47.23762911,-119.883192,building,NWPP,55.1,635.267,631.735
694493127,Microsoft,47.23672079,-119.8832907,building,NWPP,55.1,635.267,631.735
694493128,Microsoft,47.2367371,-119.8874759,building,NWPP,55.1,635.267,631.735
694602725,Vantage WA12,47.25394644,-119.8137211,building,NWPP,55.1,635.267,631.735
696978351,,39.01202683,-77.47156053,building,SRVC,9.9,596.326,593.419
696985482,,38.99945874,-77.44987614,campus,SRVC,9.9,596.326,593.419
696992451,,38.79098152,-77.54831685,campus,SRVC,9.9,596.326,593.419
697020849,Amazon IAD-58,38.98627874,-77.44184183,building,SRVC,9.9,596.326,593.419
697020850,Amazon IAD-57,38.98699723,-77.44263839,building,SRVC,9.9,596.326,593.419
697021948,Amazon IAD64,38.81513241,-77.65291934,building,SRVC,9.9,596.326,593.419
697021949,,38.81581598,-77.65269566,campus,SRVC,9.9,596.326,593.419
697413741,Amazon PDX57/60,45.91388319,-119.2677138,building,NWPP,55.1,635.267,631.735
697415321,Amazon Web Services us-west-2,45.84117426,-119.655449,building,NWPP,55.1,635.267,631.735
697415323,Amazon Web Services us-west-2,45.85378606,-119.6300361,building,NWPP,55.1,635.267,631.735
697417726,Amazon Web Services us-west-2,45.84665533,-119.6037092,building,NWPP,55.1,635.267,631.735
700001774,Microsoft MWH Data Center,47.23776926,-119.8877102,campus,NWPP,55.1,635.267,631.735
700431553,Google Taylor Lake Data Center,45.63852892,-121.202404,campus,NWPP,55.1,635.267,631.735
701923200,QTS Ashburn 1,38.99951535,-77.4501711,building,SRVC,9.9,596.326,593.419
701923202,Digital Realty Northern Virginia IAD40,39.00645434,-77.46725432,building,SRVC,9.9,596.326,593.419
701923203,Digital Realty Northern Virginia IAD39,39.00771796,-77.46762345,building,SRVC,9.9,596.326,593.419
701923204,Digital Realty ACC10,39.01270664,-77.46553607,building,SRVC,9.9,596.326,593.419
701924664,Vantage VA12,39.00065497,-77.43982021,building,SRVC,9.9,596.326,593.419
701924665,Vantage VA11,39.00239461,-77.43766057,building,SRVC,9.9,596.326,593.419
701924667,Amazon IAD90,38.98860308,-77.41165154,building,SRVC,9.9,596.326,593.419
701924668,Amazon IAD91,38.98784716,-77.41111917,building,SRVC,9.9,596.326,593.419
701924669,Amazon IAD92,38.98694261,-77.41047541,building,SRVC,9.9,596.326,593.419
701929066,Amazon IAD144,38.98164292,-77.42742183,building,SRVC,9.9,596.326,593.419
701930919,CyrusOne NVA8,39.02116738,-77.41322001,building,SRVC,9.9,596.326,593.419
701930920,Amazon IAD98,39.02022493,-77.43388566,building,SRVC,9.9,596.326,593.419
701930921,Amazon IAD99,39.01916894,-77.43402989,building,SRVC,9.9,596.326,593.419
701930929,Amazon IAD114,39.03549408,-77.45069857,building,SRVC,9.9,596.326,593.419
701930930,Amazon IAD115,39.03629402,-77.44979481,building,SRVC,9.9,596.326,593.419
701931819,Amazon IAD65,38.91699054,-77.49440871,building,SRVC,9.9,596.326,593.419
701931820,Amazon IAD150,38.91607635,-77.47725089,building,SRVC,9.9,596.326,593.419
706081342,725,35.04834872,-106.5421751,building,AZNM,22.3,706.189,703.703
706725650,True North Data Center,39.0431886,-77.5393176,campus,SRVC,9.9,596.326,593.419
706726088,Stonewall Creek Business Park,39.05143205,-77.53939917,campus,SRVC,9.9,596.326,593.419
706759844,Apple Prineville Datacenter,44.28727727,-120.8702159,building,NWPP,55.1,635.267,631.735
706759845,"Meta Prineville Data Center, phase 3",44.29368316,-120.8815189,building,NWPP,55.1,635.267,631.735
706776322,Amazon PDX80,45.7978088,-119.3666162,building,NWPP,55.1,635.267,631.735
708155014,QTS Richmond Data Center,37.48900065,-77.24588647,campus,SRVC,9.9,596.326,593.419
708916484,,39.01541717,-77.47827344,building,SRVC,9.9,596.326,593.419
708931343,Google Montgomery Data Center,36.62857909,-87.26001416,campus,SRTV,9.1,903.306,898.079
710070925,Google Data Center,39.05264058,-77.53957659,building,SRVC,9.9,596.326,593.419
711811006,,41.12869984,-104.8970316,campus,RMPA,41.9,1042.539,1036.601
714139865,Equinix Secaucus NY6,40.77751887,-74.07270034,building,RFCE,4.0,599.17,596.904
714622339,Google Data Center,38.94277143,-77.52625037,campus,SRVC,9.9,596.326,593.419
714622340,Amazon Fadeley III,38.94833223,-77.52159916,campus,SRVC,9.9,596.326,593.419
714889192,Google Jackson County Data Center,34.91433371,-85.74826082,campus,SRTV,9.1,903.306,898.079
714941629,Facebook Data Center,41.12178687,-96.14374046,campus,MROW,43.5,926.552,920.13
714943309,PSE&G Delivery Emergency Response Center,40.57989413,-74.51939326,building,RFCE,4.0,599.17,596.904
715098032,T5 Charlotte Campus,35.2504499,-81.39500943,campus,SRVC,9.9,596.326,593.419
718465287,Epic / Mayo Data Center,44.07081644,-92.52212055,building,MROW,43.5,926.552,920.13
729192992,QTS Data Center Bld 1,45.55876715,-122.9278305,building,NWPP,55.1,635.267,631.735
729376485,,40.58434314,-74.2435073,building,RFCE,4.0,599.17,596.904
729696933,Flexential Salt Lake City - Downtown,40.75630658,-111.9548377,building,NWPP,55.1,635.267,631.735
733721782,Oregon State Data Center,44.92654909,-123.0018614,building,NWPP,55.1,635.267,631.735
734323663,Digital Realty PDX11 Data Center,45.56799343,-122.9168527,building,NWPP,55.1,635.267,631.735
741629998,Flexential Fort Lauderdale,26.19008572,-80.19329665,building,FRCC,6.6,784.785,782.262
744177375,,30.17778285,-95.48652635,building,SRMV,3.0,741.741,739.72
744491691,Amazon IAD145,38.98255213,-77.42462549,building,SRVC,9.9,596.326,593.419
744496741,,39.02369831,-77.41909467,building,SRVC,9.9,596.326,593.419
744496750,,39.02434601,-77.42043928,building,SRVC,9.9,596.326,593.419
746278786,Flexential Las Vegas - North,36.24816478,-115.1012609,building,AZNM,22.3,706.189,703.703
752001022,,44.0474074,-121.3285496,building,NWPP,55.1,635.267,631.735
755540694,,42.96871317,-83.77960217,building,RFCM,11.2,975.978,970.617
756382879,,40.5993451,-74.70962308,building,RFCE,4.0,599.17,596.904
756382880,,40.59971851,-74.71011199,building,RFCE,4.0,599.17,596.904
756778306,Meta,34.83004001,-106.7803471,building,AZNM,22.3,706.189,703.703
758278314,iGLASS Networks,35.76675058,-78.78398578,building,SRVC,9.9,596.326,593.419
758426349,,46.33213162,-113.2926719,building,NWPP,55.1,635.267,631.735
758580536,Vital Records,40.5280718,-74.68281625,building,RFCE,4.0,599.17,596.904
761185667,Verizon Wireless NE Headquarters,40.55569249,-74.70559635,building,RFCE,4.0,599.17,596.904
762116506,Meta Henrico Data Center,37.48392821,-77.23731115,building,SRVC,9.9,596.326,593.419
772827597,Meta Prineville Data Center,44.29909532,-120.8794346,building,NWPP,55.1,635.267,631.735
772827601,Meta Prineville Data Center,44.30125484,-120.8898839,building,NWPP,55.1,635.267,631.735
773848531,,42.23532662,-83.4441406,building,RFCM,11.2,975.978,970.617
775412066,,39.5677144,-119.5423627,building,NWPP,55.1,635.267,631.735
775412067,,39.56750103,-119.5432095,building,NWPP,55.1,635.267,631.735
775412068,,39.56716047,-119.5443884,building,NWPP,55.1,635.267,631.735
775412069,,39.56692084,-119.5452269,building,NWPP,55.1,635.267,631.735
775412072,,39.56575835,-119.5479741,building,NWPP,55.1,635.267,631.735
775412073,,39.56510625,-119.5476898,building,NWPP,55.1,635.267,631.735
777196805,Allentown-TekPark,40.54423619,-75.65431291,building,RFCE,4.0,599.17,596.904
777679751,Meta,34.83028297,-106.7764706,building,AZNM,22.3,706.189,703.703
778989332,,39.5590717,-104.8335876,building,RMPA,41.9,1042.539,1036.601
780063735,PG&E Datacenter,38.24625878,-122.06721,building,CAMX,46.5,429.983,428.464
781370600,CyrusOne PHX6,33.26757618,-111.8825318,building,AZNM,22.3,706.189,703.703
788027103,Facebook Altoona Data Center 4,41.66773731,-93.51630736,building,MROW,43.5,926.552,920.13
793087858,Digital Realty Building P,39.00867671,-77.45822143,building,SRVC,9.9,596.326,593.419
793087859,Amazon IAD118,39.01850734,-77.43883923,building,SRVC,9.9,596.326,593.419
793622740,Aligned Ashburn,39.01362014,-77.47057791,building,SRVC,9.9,596.326,593.419
793888408,Equinix Ashburn DC15,39.02250015,-77.45025584,building,SRVC,9.9,596.326,593.419
793888427,Sabey Intergate.Ashburn (Building A),39.01449812,-77.479988,building,SRVC,9.9,596.326,593.419
793888429,NTT Ashburn VA5 Data Center,39.01829557,-77.47261401,building,SRVC,9.9,596.326,593.419
793888430,NTT Ashburn VA4 Data Center,39.01986885,-77.47259496,building,SRVC,9.9,596.326,593.419
794147654,CloudHQ LC1,39.01015665,-77.46278493,building,SRVC,9.9,596.326,593.419
794147655,CloudHQ LC2,39.0117642,-77.46245654,building,SRVC,9.9,596.326,593.419
794147657,Amazon IAD146,38.99672457,-77.43559836,building,SRVC,9.9,596.326,593.419
795384117,PHX-10,33.40794624,-112.3648298,building,AZNM,22.3,706.189,703.703
795853621,Sarpy County Power Park East,41.12199214,-96.13369592,campus,MROW,43.5,926.552,920.13
796933516,Equinix Ashburn DC21,39.01182264,-77.45455809,building,SRVC,9.9,596.326,593.419
802054282,,40.95126975,-73.897901,building,NYCW,0.6,865.744,864.469
807374322,,47.23709781,-119.8951561,building,NWPP,55.1,635.267,631.735
808979618,EdgeCore,33.34413114,-111.6195525,building,AZNM,22.3,706.189,703.703
812630939,Comcast,42.213902,-83.198214,building,RFCM,11.2,975.978,970.617
813532303,SAP COS02,38.98888836,-104.7863814,building,RMPA,41.9,1042.539,1036.601
813688319,,47.40727212,-120.213944,building,NWPP,55.1,635.267,631.735
814061068,,47.39214943,-120.2174624,building,NWPP,55.1,635.267,631.735
814061069,,47.3917941,-120.2178773,building,NWPP,55.1,635.267,631.735
814061070,,47.3917569,-120.2175144,building,NWPP,55.1,635.267,631.735
814061071,,47.39175898,-120.2169013,building,NWPP,55.1,635.267,631.735
817338831,Amazon IAD140,38.98145515,-77.41755004,building,SRVC,9.9,596.326,593.419
817338832,Amazon IAD141,38.98238771,-77.41678569,building,SRVC,9.9,596.326,593.419
819981888,,36.03268134,-86.63779794,building,SRTV,9.1,903.306,898.079
819981908,TierPoint,35.92450968,-86.85568727,campus,SRTV,9.1,903.306,898.079
828135845,Amazon IAD84,38.81610312,-77.65249934,building,SRVC,9.9,596.326,593.419
828228235,StrongMind,33.34261625,-111.8409739,building,AZNM,22.3,706.189,703.703
830138727,BB&T Data Center,35.83932521,-78.32812684,building,SRVC,9.9,596.326,593.419
830881731,Microsoft,41.51674075,-93.70254179,building,MROW,43.5,926.552,920.13
830881732,Microsoft,41.51584274,-93.70251347,building,MROW,43.5,926.552,920.13
830881733,Microsoft,41.51581794,-93.7063011,building,MROW,43.5,926.552,920.13
830881734,Microsoft,41.51671171,-93.70635082,building,MROW,43.5,926.552,920.13
830881742,Microsoft,41.51850163,-93.70633127,building,MROW,43.5,926.552,920.13
830881743,Microsoft,41.51760661,-93.7063125,building,MROW,43.5,926.552,920.13
830881744,Microsoft,41.51764119,-93.70249272,building,MROW,43.5,926.552,920.13
830881745,Microsoft,41.51853823,-93.70252495,building,MROW,43.5,926.552,920.13
830885773,Microsoft,41.49787064,-93.78703936,building,MROW,43.5,926.552,920.13
830885774,Microsoft,41.49891303,-93.78707464,building,MROW,43.5,926.552,920.13
830885779,Project Osmium,41.49821269,-93.78856494,campus,MROW,43.5,926.552,920.13
830885779,Project Osmium,41.49821269,-93.78856494,campus,MROW,43.5,926.552,920.13
830931210,Facebook Altoona Data Center 5,41.67117312,-93.51662855,building,MROW,43.5,926.552,920.13
832622369,,43.07483784,-78.94480168,building,NYUP,41.8,242.776,242.089
836947535,Myndshift Technologies,33.47542082,-111.7191652,building,AZNM,22.3,706.189,703.703
837139011,ForceAmp.com,41.70399842,-91.5870781,building,MROW,43.5,926.552,920.13
838817907,TierPoint - Charlotte Data Center,35.1731955,-80.928121,building,SRVC,9.9,596.326,593.419
838817943,SEGRA,35.18005343,-80.92635689,building,SRVC,9.9,596.326,593.419
840582927,Middletown Data Center,39.01764445,-78.29095951,campus,SRVC,9.9,596.326,593.419
842544718,Norma Beach Cable Landing Station,47.86469753,-122.2841578,building,NWPP,55.1,635.267,631.735
844359206,Google,36.05628838,-115.0085768,building,AZNM,22.3,706.189,703.703
844359207,Google,36.05880161,-115.0087972,building,AZNM,22.3,706.189,703.703
844371952,Google,34.91369194,-85.74742814,building,SRTV,9.1,903.306,898.079
844371953,Google,34.91367642,-85.74593536,building,SRTV,9.1,903.306,898.079
844374689,,39.05060777,-77.5400259,building,SRVC,9.9,596.326,593.419
844389014,Google,36.62458168,-87.26129639,building,SRTV,9.1,903.306,898.079
844394339,Meta Sarpy Data center,41.12354217,-96.14419029,building,MROW,43.5,926.552,920.13
844394340,Meta Sarpy Data center,41.120732,-96.14485433,building,MROW,43.5,926.552,920.13
844394357,Google,41.13497469,-96.14672977,building,MROW,43.5,926.552,920.13
845775548,JPMorgan Chase,39.98908744,-105.0207032,building,RMPA,41.9,1042.539,1036.601
850342266,Marquette-Adams Telephone Coop,43.78218427,-89.5748085,building,MROE,17.3,1404.963,1397.313
852039781,Amazon IAD119,39.01693014,-77.43938663,building,SRVC,9.9,596.326,593.419
860433344,Flexential Portland - Hillsboro 4,45.55520363,-122.9398512,building,NWPP,55.1,635.267,631.735
871694597,Turnkey Internet,42.74544109,-73.75919958,building,NYUP,41.8,242.776,242.089
871745265,Microsoft,41.54070922,-93.82789533,building,MROW,43.5,926.552,920.13
873137563,,35.59039236,-81.26456965,building,SRVC,9.9,596.326,593.419
876020641,Iron Mountain,47.59461614,-117.5371476,building,NWPP,55.1,635.267,631.735
876120402,DBT Data - Harrisonburg Center,38.46254477,-78.85679697,campus,SRVC,9.9,596.326,593.419
878795698,amnet Data Center,41.09183281,-73.51671559,building,NEWE,19.2,543.178,539.275
880052062,,38.94066935,-94.75523184,building,SPNO,40.1,867.74,861.999
882977350,CloudHQ MCC1,38.71702838,-77.49989682,building,SRVC,9.9,596.326,593.419
883809860,Meta Forest City datacenter,35.31655451,-81.82513233,building,SRVC,9.9,596.326,593.419
883809862,Facebook Forest City Data Center,35.31569838,-81.8247473,campus,SRVC,9.9,596.326,593.419
886028872,Amazon IAD128,39.01608221,-77.43838437,building,SRVC,9.9,596.326,593.419
886330269,Microsoft,39.07478688,-77.56412899,building,SRVC,9.9,596.326,593.419
888253616,NTT Silicon Valley SV1 Data Center,37.36905321,-121.9553378,building,CAMX,46.5,429.983,428.464
894425613,,36.21535166,-86.78368365,building,SRTV,9.1,903.306,898.079
897226573,Arcola Tech Park,38.9492821,-77.55535616,campus,SRVC,9.9,596.326,593.419
897226574,Amazon IAD125,38.94808954,-77.56054492,building,SRVC,9.9,596.326,593.419
897226575,Amazon IAD124,38.94989545,-77.5604517,building,SRVC,9.9,596.326,593.419
899634245,Stack Infrastructure Portland 3 Data Center -Bld POR3a,45.5541971,-122.9379122,building,NWPP,55.1,635.267,631.735
903642490,Family History Center,42.31729584,-111.3042449,building,NWPP,55.1,635.267,631.735
904453635,,36.32807395,-83.37670352,building,SRTV,9.1,903.306,898.079
909455922,,39.04409911,-77.53967442,building,SRVC,9.9,596.326,593.419
909742340,QTS Data Center Bld 2,45.55876356,-122.9296314,building,NWPP,55.1,635.267,631.735
914613836,Amazon PDX91,45.83792395,-119.6883548,building,NWPP,55.1,635.267,631.735
914616809,Amazon PDX92,45.83754025,-119.6931291,building,NWPP,55.1,635.267,631.735
914616810,Amazon Web Services us-west-2,45.84665461,-119.605645,building,NWPP,55.1,635.267,631.735
916046040,,39.72947807,-104.7127543,building,RMPA,41.9,1042.539,1036.601
916148870,,43.04498475,-78.74920687,building,NYUP,41.8,242.776,242.089
918871786,QTS Data Center Bld 3,45.55877963,-122.9319059,building,NWPP,55.1,635.267,631.735
918871787,QTS Data Center Bld 5,45.55880139,-122.9352204,building,NWPP,55.1,635.267,631.735
918871788,QTS Data Center Bld 4,45.55878122,-122.9329463,building,NWPP,55.1,635.267,631.735
918873142,Flexential Portland - Hillsboro 3,45.55946944,-122.9382474,building,NWPP,55.1,635.267,631.735
923167491,,35.1793832,-80.57017464,campus,SRVC,9.9,596.326,593.419
930043986,SU Green Data Center,43.01207617,-76.11592529,building,NYUP,41.8,242.776,242.089
930849744,Amazon IAD163,39.03230534,-77.42970207,building,SRVC,9.9,596.326,593.419
931369845,Johns Hopkins Data Center,39.2935588,-76.55173791,building,RFCE,4.0,599.17,596.904
931732650,Ebay,40.56409515,-112.0506282,building,NWPP,55.1,635.267,631.735
933393863,Edgeconnex Data Center,38.59229736,-121.2774372,building,CAMX,46.5,429.983,428.464
938592711,,33.43946839,-112.3770585,building,AZNM,22.3,706.189,703.703
940821791,Omnis Network,33.39440985,-111.952491,building,AZNM,22.3,706.189,703.703
942557184,Travelers Insurance,41.12784314,-96.14504543,building,MROW,43.5,926.552,920.13
942604537,Flexential Nashville - Franklin,35.9204593,-86.8155737,building,SRTV,9.1,903.306,898.079
943987942,Wave Broadband Tahoma Terra Facility,46.94142447,-122.6250439,campus,NWPP,55.1,635.267,631.735
944024849,,41.55808334,-93.52766189,building,MROW,43.5,926.552,920.13
944024851,,41.55813064,-93.52815685,building,MROW,43.5,926.552,920.13
946014659,,36.08125144,-95.85414917,building,SPSO,36.7,875.567,872.042
952159044,Lumen,33.3935185,-111.9950157,building,AZNM,22.3,706.189,703.703
954433119,Amazon IAD175,38.97986799,-77.42547992,building,SRVC,9.9,596.326,593.419
958662382,Amazon IAD147,38.995012,-77.43535922,building,SRVC,9.9,596.326,593.419
958728802,E-Foam,28.5779433,-81.56454529,building,FRCC,6.6,784.785,782.262
959969621,,41.47880658,-72.80100588,building,NEWE,19.2,543.178,539.275
961071564,SimpleHelix,34.745431,-86.691883,building,SRTV,9.1,903.306,898.079
965755845,CenturyLink,44.93802974,-123.0336855,building,NWPP,55.1,635.267,631.735
977653854,CyrusOne PHX7,33.26635804,-111.8819087,building,AZNM,22.3,706.189,703.703
977653858,CyrusOne PHX4,33.2687662,-111.8825162,building,AZNM,22.3,706.189,703.703
977653859,CyrusOne PHX5,33.26974107,-111.881587,building,AZNM,22.3,706.189,703.703
978632013,Northwest Data Center and Communications Hub,37.43343706,-122.1807385,building,CAMX,46.5,429.983,428.464
983627455,CyrusOne NVA7,39.02630118,-77.43402771,building,SRVC,9.9,596.326,593.419
984796364,Switch Las Vegas 10,36.05558583,-115.2230609,building,AZNM,22.3,706.189,703.703
984953813,Amazon IAD174,39.02891563,-77.42747328,building,SRVC,9.9,596.326,593.419
984953814,Amazon IAD164,39.030473,-77.42894228,building,SRVC,9.9,596.326,593.419
985207884,,39.00177882,-77.43807112,building,SRVC,9.9,596.326,593.419
986829280,Microsoft,39.07550787,-77.56303535,building,SRVC,9.9,596.326,593.419
989735623,Amazon IAD152,38.91657562,-77.47974227,building,SRVC,9.9,596.326,593.419
989735624,Amazon IAD151,38.91615091,-77.47870522,building,SRVC,9.9,596.326,593.419
990537813,Amazon IAD83,38.94794606,-77.52310751,building,SRVC,9.9,596.326,593.419
990537821,Amazon Web Services,38.94653922,-77.52218796,building,SRVC,9.9,596.326,593.419
990537857,Amazon IAD122,38.95586323,-77.49717993,building,SRVC,9.9,596.326,593.419
990537858,CyrusOne Sterling IX,38.95830777,-77.50575021,building,SRVC,9.9,596.326,593.419
996723585,Iron Mountain VA-2,38.77724872,-77.54596524,building,SRVC,9.9,596.326,593.419
996723586,Iron Mountain VA-1,38.77791725,-77.5470732,building,SRVC,9.9,596.326,593.419
996723587,Amazon Web Services,38.78015147,-77.53988382,building,SRVC,9.9,596.326,593.419
996723588,Amazon Web Services,38.77845091,-77.53942706,building,SRVC,9.9,596.326,593.419
996723589,Amazon Web Services,38.7793425,-77.54289591,building,SRVC,9.9,596.326,593.419
996899486,Amazon IAD102,38.7359701,-77.50490133,building,SRVC,9.9,596.326,593.419
996899487,Amazon IAD101,38.73544015,-77.50569512,building,SRVC,9.9,596.326,593.419
996899488,Amazon IAD100,38.73459785,-77.5066424,building,SRVC,9.9,596.326,593.419
996899489,CloudHQ MCC2,38.72318195,-77.49900909,building,SRVC,9.9,596.326,593.419
998933381,Rackspace Somerset NYC1,40.54452567,-74.53775799,building,RFCE,4.0,599.17,596.904
998933389,Rackspace Belmont NYC2,40.54083887,-74.53749197,building,RFCE,4.0,599.17,596.904
1000784035,Amazon Web Services,38.74305258,-77.53338365,building,SRVC,9.9,596.326,593.419
1003348567,QTS Ashburn-Shellhorn DC1,38.99807915,-77.47557114,building,SRVC,9.9,596.326,593.419
1013396352,CenturyLink,36.18299775,-115.0626695,building,AZNM,22.3,706.189,703.703
1015704066,EdgeConneX PHX02 Data Center,33.35201068,-111.6475299,building,AZNM,22.3,706.189,703.703
1015995259,Amazon IAD601,38.77885736,-77.55711533,building,SRVC,9.9,596.326,593.419
1017048670,Switch Edge 1,36.0591489,-115.2136821,building,AZNM,22.3,706.189,703.703
1017460713,Switch Las Vegas 4,36.14364614,-115.0767788,building,AZNM,22.3,706.189,703.703
1017460715,Switch Las Vegas 5,36.1427635,-115.0766965,building,AZNM,22.3,706.189,703.703
1019812125,EdgeConneX Data Center,45.5566213,-122.9122128,building,NWPP,55.1,635.267,631.735
1020877488,Amazon Web Services,38.99584762,-77.47129119,building,SRVC,9.9,596.326,593.419
1020877489,Amazon Web Services,38.99660796,-77.47326248,building,SRVC,9.9,596.326,593.419
1020953454,Digital Loudoun Plaza,39.00467915,-77.48497952,campus,SRVC,9.9,596.326,593.419
1020953461,Digital Loudoun Plaza,39.001698,-77.48159549,campus,SRVC,9.9,596.326,593.419
1022744244,AWS,38.98103412,-77.41779461,campus,SRVC,9.9,596.326,593.419
1022744248,AWS,38.98782989,-77.41110853,campus,SRVC,9.9,596.326,593.419
1022757169,AWS,38.98161933,-77.42605829,campus,SRVC,9.9,596.326,593.419
1022757170,,38.98473223,-77.42578369,campus,SRVC,9.9,596.326,593.419
1024051963,Meta Eagle Mountain Data Center,40.26828851,-112.0150768,building,NWPP,55.1,635.267,631.735
1024051997,Meta Eagle Mountain Data Center,40.26556399,-112.0151274,building,NWPP,55.1,635.267,631.735
1024384322,,38.92680599,-94.76837277,building,SPNO,40.1,867.74,861.999
1025002889,Digital Realty,39.00571934,-77.44944907,building,SRVC,9.9,596.326,593.419
1027471509,Amazon Web Services us-west-2,45.84666781,-119.6070385,building,NWPP,55.1,635.267,631.735
1027471510,Amazon Web Services us-west-2,45.84675378,-119.6090625,building,NWPP,55.1,635.267,631.735
1030970564,Meta Henrico Data Center,37.48196326,-77.23380499,building,SRVC,9.9,596.326,593.419
1034230196,,28.2940769,-81.83484809,building,FRCC,6.6,784.785,782.262
1034475557,DataBank Las Vegas LAS1,36.05972751,-115.1472114,building,AZNM,22.3,706.189,703.703
1035123473,Meta Eagle Mountain Data Center,40.27233431,-112.0150547,building,NWPP,55.1,635.267,631.735
1035123482,Meta Eagle Mountain Data Center,40.2681907,-112.0177194,campus,NWPP,55.1,635.267,631.735
1037871048,Amazon IAD601,39.01526293,-77.43777002,building,SRVC,9.9,596.326,593.419
1056658555,Flexential Salt Lake City - Millcreek,40.68552518,-111.8850441,building,NWPP,55.1,635.267,631.735
1057230915,Amazon PDX93,45.83654229,-119.6898664,building,NWPP,55.1,635.267,631.735
1059030596,Amazon Web Services,38.74428601,-77.53332239,building,SRVC,9.9,596.326,593.419
1059036248,,38.74595859,-77.53750922,building,SRVC,9.9,596.326,593.419
1059037050,COPT Innovation Park Data Center,38.74388635,-77.53062488,building,SRVC,9.9,596.326,593.419
1059037051,COPT Data Center Bldg 2,38.74405495,-77.5291961,building,SRVC,9.9,596.326,593.419
1069388067,,33.06202195,-80.03831641,building,SRVC,9.9,596.326,593.419
1069388075,Google,33.06217399,-80.03966008,building,SRVC,9.9,596.326,593.419
1069388095,Google,33.06205323,-80.04115448,building,SRVC,9.9,596.326,593.419
1069388141,Google,33.06431196,-80.03845635,building,SRVC,9.9,596.326,593.419
1069388147,Google,33.06643644,-80.03842822,building,SRVC,9.9,596.326,593.419
1069388156,Google,33.06415661,-80.04357513,building,SRVC,9.9,596.326,593.419
1069388186,Google,33.06200059,-80.04505686,building,SRVC,9.9,596.326,593.419
1069388211,Google,33.0644348,-80.04606755,building,SRVC,9.9,596.326,593.419
1071772119,Microsoft EAT02,47.41686792,-120.2076892,building,NWPP,55.1,635.267,631.735
1071774674,Intergate Columbia D,47.40758548,-120.1916011,building,NWPP,55.1,635.267,631.735
1073720208,Google,41.17734373,-95.80485695,building,MROW,43.5,926.552,920.13
1073720209,Google,41.17727415,-95.80637969,building,MROW,43.5,926.552,920.13
1073720210,Google,41.17745636,-95.80321466,building,MROW,43.5,926.552,920.13
1073720211,Google,41.17748291,-95.80096717,building,MROW,43.5,926.552,920.13
1073720212,Google,41.17554012,-95.80676285,building,MROW,43.5,926.552,920.13
1073720213,Google,41.17554006,-95.8056524,building,MROW,43.5,926.552,920.13
1073720214,Google,41.17554283,-95.8044933,building,MROW,43.5,926.552,920.13
1073720215,Google,41.17554365,-95.80338954,building,MROW,43.5,926.552,920.13
1073720216,Google,41.17554739,-95.80222393,building,MROW,43.5,926.552,920.13
1073720217,Google,41.1755453,-95.80111945,building,MROW,43.5,926.552,920.13
1073720218,Google,41.17555376,-95.79994803,building,MROW,43.5,926.552,920.13
1073720219,Google,41.17263472,-95.80402364,building,MROW,43.5,926.552,920.13
1073720220,Google,41.17264008,-95.80252144,building,MROW,43.5,926.552,920.13
1073720221,Google,41.17261143,-95.80114772,building,MROW,43.5,926.552,920.13
1075278060,Microsoft,41.49683039,-93.78699632,building,MROW,43.5,926.552,920.13
1075278061,Microsoft,41.53981389,-93.82631358,building,MROW,43.5,926.552,920.13
1075278062,Microsoft,41.53967045,-93.8286654,building,MROW,43.5,926.552,920.13
1080170580,Flexential Portland - Hillsboro 5,45.55645035,-122.9392986,building,NWPP,55.1,635.267,631.735
1083841125,T5@Colorado Springs,38.78617187,-104.7885349,building,RMPA,41.9,1042.539,1036.601
1085608797,Flexential Tampa - North,28.07385599,-82.36833791,building,FRCC,6.6,784.785,782.262
1088203906,Amazon Web Services,39.01674415,-77.45200064,building,SRVC,9.9,596.326,593.419
1088203907,Amazon Web Services,39.01588595,-77.45314512,building,SRVC,9.9,596.326,593.419
1088241977,Aligned IAD02,39.01041104,-77.47518884,building,SRVC,9.9,596.326,593.419
1090837713,QTS Manassas DC5,38.75469274,-77.51744671,building,SRVC,9.9,596.326,593.419
1091128478,PHX-11,33.40903089,-112.3648034,building,AZNM,22.3,706.189,703.703
1103333136,Google,36.62482464,-87.26354588,building,SRTV,9.1,903.306,898.079
1103333137,SPC3A,36.62430496,-87.25904893,building,SRTV,9.1,903.306,898.079
1106454555,Amazon Web Services,38.9795574,-77.41749033,building,SRVC,9.9,596.326,593.419
1109643936,,43.08205626,-79.03072273,building,NYUP,41.8,242.776,242.089
1109881281,TierPoint Valley Forge,40.12187904,-75.42087694,building,RFCE,4.0,599.17,596.904
1114969101,,45.55406423,-122.9493117,building,NWPP,55.1,635.267,631.735
1116775094,,39.51406783,-119.4755138,building,NWPP,55.1,635.267,631.735
1116775095,,39.51387049,-119.4848528,building,NWPP,55.1,635.267,631.735
1121188409,Flexential Salt Lake City - Fair Park,40.76678609,-111.9202924,building,NWPP,55.1,635.267,631.735
1123249721,Equinix Ashburn DC16,39.02425729,-77.45232686,building,SRVC,9.9,596.326,593.419
1124864831,Microsoft IAD11,38.94825819,-77.55591095,building,SRVC,9.9,596.326,593.419
1126159710,Amazon PDX63,45.90144985,-119.3205224,building,NWPP,55.1,635.267,631.735
1126159711,Amazon PDX65,45.90276332,-119.3204976,building,NWPP,55.1,635.267,631.735
1126159714,Amazon PDX67,45.90385105,-119.320487,building,NWPP,55.1,635.267,631.735
1126159715,Amazon PDX69,45.90532047,-119.3204296,building,NWPP,55.1,635.267,631.735
1127951468,,45.91570985,-119.2699806,building,NWPP,55.1,635.267,631.735
1128589933,,39.06964742,-77.56077132,building,SRVC,9.9,596.326,593.419
1128589934,,39.06965445,-77.55943345,building,SRVC,9.9,596.326,593.419
1132632705,QTS,33.46080638,-111.997122,building,AZNM,22.3,706.189,703.703
1133944585,,38.81056014,-89.94870328,building,SRMW,15.2,1248.582,1239.839
1134104431,CoreSite Reston Campus VA2,38.95145144,-77.36400407,building,SRVC,9.9,596.326,593.419
1134911640,AWS IAD105,38.74759587,-77.5194753,building,SRVC,9.9,596.326,593.419
1134911641,AWS IAD104,38.74837384,-77.5207048,building,SRVC,9.9,596.326,593.419
1134911642,QTS Manassas DC1,38.75252354,-77.51311592,building,SRVC,9.9,596.326,593.419
1143804764,,39.13368479,-76.85140715,building,RFCE,4.0,599.17,596.904
1152747559,Meta Prineville Data Center,44.30167224,-120.8945961,building,NWPP,55.1,635.267,631.735
1152748037,Meta Prineville Data Center,44.29928795,-120.8945947,building,NWPP,55.1,635.267,631.735
1153935548,Digital Realty PDX11 Data Center,45.56845929,-122.9199689,building,NWPP,55.1,635.267,631.735
1160688107,CoreSite SV7,37.37607877,-121.9730567,building,CAMX,46.5,429.983,428.464
1160814413,Meta Huntsville Data center,34.84733379,-86.6269186,building,SRTV,9.1,903.306,898.079
1160814415,Meta Huntsville Data center,34.84318223,-86.62886566,building,SRTV,9.1,903.306,898.079
1160814416,Meta Huntsville Data center,34.84043161,-86.62884124,building,SRTV,9.1,903.306,898.079
1161094246,Amazon Web Services,38.97914745,-77.41990459,building,SRVC,9.9,596.326,593.419
1161730862,,38.95733457,-77.49759322,campus,SRVC,9.9,596.326,593.419
1173537116,Microsoft EAT03,47.41832382,-120.2076971,building,NWPP,55.1,635.267,631.735
1173537117,Microsoft EAT04,47.41963659,-120.2138207,building,NWPP,55.1,635.267,631.735
1173569101,Microsoft,41.53503044,-93.86344919,building,MROW,43.5,926.552,920.13
1173770902,Google: Arcola 2,38.94182146,-77.52742942,building,SRVC,9.9,596.326,593.419
1173822721,EAT14,47.35949692,-120.1600908,building,NWPP,55.1,635.267,631.735
1173822722,EAT13,47.35842572,-120.1599759,building,NWPP,55.1,635.267,631.735
1173822723,EAT12,47.35743301,-120.1595462,building,NWPP,55.1,635.267,631.735
1177397497,Comarch,33.35667208,-111.6346933,building,AZNM,22.3,706.189,703.703
1177893426,Amazon IAD603,38.98154602,-77.41935735,building,SRVC,9.9,596.326,593.419
1177975782,,41.12539869,-104.9075161,building,RMPA,41.9,1042.539,1036.601
1177975783,,41.12645974,-104.8995375,building,RMPA,41.9,1042.539,1036.601
1177975784,,41.12541098,-104.9019777,building,RMPA,41.9,1042.539,1036.601
1177975788,,41.12226601,-104.9081423,building,RMPA,41.9,1042.539,1036.601
1177975789,,41.12224618,-104.909517,building,RMPA,41.9,1042.539,1036.601
1178609569,Flexential Philadelphia - Collegeville,40.15222045,-75.477629,building,RFCE,4.0,599.17,596.904
1181391920,Amazon IAD86,38.9172723,-77.49570438,building,SRVC,9.9,596.326,593.419
1181391921,Amazon IAD130,38.7603606,-77.51930185,building,SRVC,9.9,596.326,593.419
1181391922,Amazon IAD131,38.76110475,-77.518221,building,SRVC,9.9,596.326,593.419
1184066765,Meta Data Center,39.32267564,-94.59796947,building,SPNO,40.1,867.74,861.999
1188680247,QTS Ashburn-Shellhorn DC2,38.99877155,-77.47426403,building,SRVC,9.9,596.326,593.419
1188680253,QTS Ashburn Lockridge,38.99535529,-77.45518313,building,SRVC,9.9,596.326,593.419
1188680254,QTS Ashburn Lockridge,38.99519863,-77.4568879,building,SRVC,9.9,596.326,593.419
1188680255,,38.98955354,-77.43480131,building,SRVC,9.9,596.326,593.419
1188691867,,39.01710249,-77.47326656,building,SRVC,9.9,596.326,593.419
1188691868,44710,39.02019008,-77.47553126,building,SRVC,9.9,596.326,593.419
1188691869,DataBank Ashburn IAD3,39.01787845,-77.48182767,building,SRVC,9.9,596.326,593.419
1188715508,PowerHouse ABX-1,39.01957793,-77.4504655,building,SRVC,9.9,596.326,593.419
1188715510,,39.01794777,-77.45947387,building,SRVC,9.9,596.326,593.419
1191496040,Meta,34.82583964,-106.7788891,building,AZNM,22.3,706.189,703.703
1193914601,,47.24481075,-119.8179835,building,NWPP,55.1,635.267,631.735
1193914602,,47.24427569,-119.8148125,building,NWPP,55.1,635.267,631.735
1202051225,Lightedge Des Moines 2,41.66679863,-93.45595524,building,MROW,43.5,926.552,920.13
1210199365,,39.5697106,-119.5378594,building,NWPP,55.1,635.267,631.735
1210199366,,39.5700526,-119.5370917,building,NWPP,55.1,635.267,631.735
1210199367,,39.57059171,-119.536034,building,NWPP,55.1,635.267,631.735
1210199368,,39.5709862,-119.5353176,building,NWPP,55.1,635.267,631.735
1210515186,Flexential Nashville - Cool Springs,35.95104066,-86.833381,building,SRTV,9.1,903.306,898.079
1211362828,,43.63833311,-89.72140294,building,MROE,17.3,1404.963,1397.313
1213758201,Gallatin Data Center,36.40865377,-86.37031412,campus,SRTV,9.1,903.306,898.079
1221862807,AWS IAD106,38.74697498,-77.51852813,building,SRVC,9.9,596.326,593.419
1222134968,Amazon Web Services,38.94913487,-77.52358043,building,SRVC,9.9,596.326,593.419
1226436454,,41.21209899,-95.87791366,building,MROW,43.5,926.552,920.13
1226439731,Amazon Web Services,45.83618446,-119.6940477,building,NWPP,55.1,635.267,631.735
1227539675,Equinix DC14,38.80334503,-77.51061643,campus,SRVC,9.9,596.326,593.419
1227604493,Equinix SV11,37.24260507,-121.7839986,building,CAMX,46.5,429.983,428.464
1227612684,Amazon IAD103,38.73698427,-77.50407511,building,SRVC,9.9,596.326,593.419
1227614670,CloudHQ MCC3,38.71497031,-77.49512778,building,SRVC,9.9,596.326,593.419
1227682824,CyrusOne PHX8,33.2663436,-111.8832897,building,AZNM,22.3,706.189,703.703
1227684019,CyrusOne PHX3,33.27196806,-111.8816271,building,AZNM,22.3,706.189,703.703
1227684020,CyrusOne PHX4,33.2719371,-111.8832821,building,AZNM,22.3,706.189,703.703
1227777116,Vantage VA13,39.00310829,-77.4398508,building,SRVC,9.9,596.326,593.419
1227883682,Lightedge Des Moines 1,41.66765686,-93.45548176,building,MROW,43.5,926.552,920.13
1235150788,Yahoo,41.18049999,-96.08489875,building,MROW,43.5,926.552,920.13
1235255415,,32.30965548,-106.7291711,building,AZNM,22.3,706.189,703.703
1237493975,Google,41.13491996,-96.1440729,building,MROW,43.5,926.552,920.13
1237494981,Google,41.13439328,-96.15590607,building,MROW,43.5,926.552,920.13
1243089554,Stack Infrastructure Portland 3 Data Center -Bld POR3b,45.5542156,-122.9394275,building,NWPP,55.1,635.267,631.735
1243089555,Stack Infrastructure Portland 3 Data Center -Bld POR3c,45.55421716,-122.940939,building,NWPP,55.1,635.267,631.735
1252196797,Amazon Web Services,38.90434587,-77.45247339,building,SRVC,9.9,596.326,593.419
1252196798,Amazon Web Services,38.90483706,-77.45475997,building,SRVC,9.9,596.326,593.419
1252196799,Amazon Web Services,38.91590467,-77.49055175,building,SRVC,9.9,596.326,593.419
1252196800,Amazon Web Services,38.91498996,-77.49097635,building,SRVC,9.9,596.326,593.419
1252196815,Google,38.77618587,-77.58264416,building,SRVC,9.9,596.326,593.419
1252196816,Amazon Web Services,45.85874996,-119.6050963,building,NWPP,55.1,635.267,631.735
1252196817,Amazon Web Services,45.86008348,-119.6051336,building,NWPP,55.1,635.267,631.735
1252196818,Amazon Web Services,45.86096943,-119.6051531,building,NWPP,55.1,635.267,631.735
1252196819,Amazon Web Services,45.84148103,-119.6517768,building,NWPP,55.1,635.267,631.735
1252196820,Amazon Web Services,45.92063694,-119.2318308,building,NWPP,55.1,635.267,631.735
1252196821,Amazon Web Services,45.92064708,-119.2299811,building,NWPP,55.1,635.267,631.735
1252196822,Amazon Web Services,45.79777489,-119.3619587,building,NWPP,55.1,635.267,631.735
1252196823,Amazon Web Services,45.79916504,-119.366658,building,NWPP,55.1,635.267,631.735
1252196825,Amazon Web Services,38.74616902,-77.51725564,building,SRVC,9.9,596.326,593.419
1252196826,Amazon Web Services,38.92130882,-77.48586992,building,SRVC,9.9,596.326,593.419
1253282099,Amazon Web Services,38.99509407,-77.47107161,building,SRVC,9.9,596.326,593.419
1253282100,Meta Sarpy Data center,41.12357298,-96.13289444,building,MROW,43.5,926.552,920.13
1253282101,Meta Sarpy Data center,41.11432924,-96.14283652,building,MROW,43.5,926.552,920.13
1253282102,Meta Sarpy Data center,41.11216327,-96.14155463,building,MROW,43.5,926.552,920.13
1253282103,Meta,41.6755715,-93.50965655,building,MROW,43.5,926.552,920.13
1253282104,Meta,41.67581782,-93.50604209,building,MROW,43.5,926.552,920.13
1254161871,Dynamics Mining,37.3629909,-87.54712131,campus,SRTV,9.1,903.306,898.079
1263819877,,36.06402201,-115.2211121,building,AZNM,22.3,706.189,703.703
1276373853,Apple Prineville Datacenter,44.28575426,-120.869921,building,NWPP,55.1,635.267,631.735
1276518679,,38.98652601,-77.43517574,building,SRVC,9.9,596.326,593.419
1276518684,Aligned IAD03,38.98862095,-77.4407519,building,SRVC,9.9,596.326,593.419
1276518687,,38.99226912,-77.43393216,building,SRVC,9.9,596.326,593.419
1280340212,Amazon Web Services,38.94736148,-77.52022616,building,SRVC,9.9,596.326,593.419
1280340213,Amazon Web Services,38.98357495,-77.41752673,building,SRVC,9.9,596.326,593.419
1280340214,Amazon Web Services,38.80289735,-77.6221272,building,SRVC,9.9,596.326,593.419
1280340215,Amazon Web Services,38.74511981,-77.53309395,building,SRVC,9.9,596.326,593.419
1280340216,Amazon Web Services,38.8145976,-77.65433143,building,SRVC,9.9,596.326,593.419
1280340217,Amazon Web Services,38.81696824,-77.65215913,building,SRVC,9.9,596.326,593.419
1280344149,Amazon Web Services,45.92059672,-119.2288046,building,NWPP,55.1,635.267,631.735
1280344150,Amazon Web Services,45.92056001,-119.2270043,building,NWPP,55.1,635.267,631.735
1280344151,Amazon Web Services,45.91951529,-119.2260903,building,NWPP,55.1,635.267,631.735
1280344152,Amazon Web Services,45.87954278,-119.3416649,building,NWPP,55.1,635.267,631.735
1280344153,Amazon Web Services,45.88252512,-119.3416528,building,NWPP,55.1,635.267,631.735
1280344154,Amazon Web Services,45.86225296,-119.6051117,building,NWPP,55.1,635.267,631.735
1280344155,Amazon Web Services,45.85803761,-119.6048716,building,NWPP,55.1,635.267,631.735
1280344156,Amazon Web Services,45.8406703,-119.6513021,building,NWPP,55.1,635.267,631.735
1280344157,Amazon Web Services,45.81993096,-119.6320859,building,NWPP,55.1,635.267,631.735
1282875386,MineOne Wyoming Data Center,41.12512444,-104.8949838,campus,RMPA,41.9,1042.539,1036.601
1283698132,Iron Mountain VA-3,38.77550688,-77.54520013,building,SRVC,9.9,596.326,593.419
1283734104,Microsoft,33.44634015,-112.3739195,building,AZNM,22.3,706.189,703.703
1287260553,Google,38.77446562,-77.58565471,building,SRVC,9.9,596.326,593.419
1287260554,Amazon Web Services,38.80185736,-77.62121028,building,SRVC,9.9,596.326,593.419
1287260555,Amazon Web Services,38.80125679,-77.62048062,building,SRVC,9.9,596.326,593.419
1287260556,Iron Mountain VA-4,38.77435314,-77.54217652,building,SRVC,9.9,596.326,593.419
1287260557,Iron Mountain VA-5,38.77303585,-77.54107859,building,SRVC,9.9,596.326,593.419
1287260558,QTS Manassas DC2,38.75323811,-77.51086522,building,SRVC,9.9,596.326,593.419
1287260560,Google,41.17358714,-95.79215467,building,MROW,43.5,926.552,920.13
1287260561,Google,41.17358553,-95.78866504,building,MROW,43.5,926.552,920.13
1292897241,,39.04255255,-77.53829966,building,SRVC,9.9,596.326,593.419
1292897242,,39.04162328,-77.53922373,building,SRVC,9.9,596.326,593.419
1292897243,,39.04350174,-77.5408743,building,SRVC,9.9,596.326,593.419
1294595615,Meta Gallatin Data Center,36.41186545,-86.3696614,building,SRTV,9.1,903.306,898.079
1296163129,Modesto Junior College West Data Center,37.66514737,-121.0400375,building,CAMX,46.5,429.983,428.464
1301654223,,38.94801699,-77.55898683,building,SRVC,9.9,596.326,593.419
1301654224,,38.95006467,-77.55887032,building,SRVC,9.9,596.326,593.419
1304357577,Iron Mountain VA-6,38.76814289,-77.53864813,building,SRVC,9.9,596.326,593.419
1307072785,Ark Duluth Data Center,46.82746659,-92.13043071,building,MROW,43.5,926.552,920.13
1307920829,Flexential Charlotte - North,35.32975387,-80.76578189,building,SRVC,9.9,596.326,593.419
1309123033,Equinix Ashburn DC6,39.01519835,-77.45953797,building,SRVC,9.9,596.326,593.419
1309123034,Equinix Ashburn DC4,39.01640762,-77.46188736,building,SRVC,9.9,596.326,593.419
1312295357,Meta Aiken Data Center,33.64227315,-81.84262698,campus,SRVC,9.9,596.326,593.419
1312795639,Meta Gallatin Data Center,36.41135065,-86.3660125,building,SRTV,9.1,903.306,898.079
1312795640,Meta Gallatin Data Center,36.40604868,-86.36660784,building,SRTV,9.1,903.306,898.079
1312801354,Google,41.13790993,-96.15143115,building,MROW,43.5,926.552,920.13
1313995085,,37.37064295,-121.9745072,building,CAMX,46.5,429.983,428.464
1314010354,Santa Clara (CA2) Data Center Campus,37.36415374,-121.9469491,building,CAMX,46.5,429.983,428.464
1314012931,Digital Realty,37.37094352,-121.9472119,building,CAMX,46.5,429.983,428.464
1314355599,Switch Las Vegas 12,36.05813029,-115.2103885,campus,AZNM,22.3,706.189,703.703
1315636714,QTS,33.46474692,-111.9975343,building,AZNM,22.3,706.189,703.703
1317733642,Digital Realty Northern Virginia IAD44,38.96086595,-77.49147453,building,SRVC,9.9,596.326,593.419
1318322071,Microsoft,41.4958062,-93.7870554,building,MROW,43.5,926.552,920.13
1318322073,Microsoft,41.4947499,-93.7870206,building,MROW,43.5,926.552,920.13
1318322780,Apple,41.61685113,-93.92440196,building,MROW,43.5,926.552,920.13
1319637945,,38.94986181,-77.549509,building,SRVC,9.9,596.326,593.419
1320038649,DC BLOX Myrtle Beach Cable Landing Station,33.67458322,-78.94369603,building,SRVC,9.9,596.326,593.419
1320683840,,39.5115196,-119.4833053,building,NWPP,55.1,635.267,631.735
1333205262,,39.05842725,-77.54975704,building,SRVC,9.9,596.326,593.419
1340746574,Meta,34.8259157,-106.7820391,building,AZNM,22.3,706.189,703.703
1343100173,DataBank,45.14371137,-93.38712829,building,MROW,43.5,926.552,920.13
1343760339,Vantage WA13,47.25252755,-119.8136225,building,NWPP,55.1,635.267,631.735
1343769701,QTS Ashburn-Shellhorn,38.99853677,-77.47494238,campus,SRVC,9.9,596.326,593.419
1343774537,CloudHQ Ashburn Campus,39.01071824,-77.46211285,campus,SRVC,9.9,596.326,593.419
1344376231,Digital Realty 1500 Space Park,37.37575523,-121.9562691,building,CAMX,46.5,429.983,428.464
1344376232,NTT Silicon Valley data center campus,37.36897449,-121.9553645,campus,CAMX,46.5,429.983,428.464
1344897823,Corscale,38.80241722,-77.58239818,building,SRVC,9.9,596.326,593.419
1344901575,Vantage VA2,38.99795881,-77.43025352,building,SRVC,9.9,596.326,593.419
254756938,CenturyLink,36.14371621,-115.0833859,campus,AZNM,22.3,706.189,703.703
680666647,Centeris,47.15961906,-122.2797875,campus,NWPP,55.1,635.267,631.735
685011021,Iron Mountain AZP-2,33.45214088,-111.9773049,campus,AZNM,22.3,706.189,703.703
714139868,CoreSite Secaucus NY2,40.78433425,-74.06526821,campus,RFCE,4.0,599.17,596.904
813688320,Actapio,47.4074319,-120.2141326,campus,NWPP,55.1,635.267,631.735
897226569,Microsoft Data Center,38.94931205,-77.55948543,campus,SRVC,9.9,596.326,593.419
930540164,,33.1536001,-117.2388463,campus,CAMX,46.5,429.983,428.464
936368014,,40.52421442,-74.54801971,campus,RFCE,4.0,599.17,596.904
989352911,,40.54333908,-74.53843497,campus,RFCE,4.0,599.17,596.904
1052182309,,33.49340637,-112.0706151,campus,AZNM,22.3,706.189,703.703
1092757323,Compute North,40.72592347,-99.03832882,campus,MROW,43.5,926.552,920.13
1226436457,CyrusOne OCB1 Council Bluffs,41.21221398,-95.87801936,campus,MROW,43.5,926.552,920.13
1317915930,Centersquare Ashburn IAD4 Data Center,39.02194771,-77.45319382,campus,SRVC,9.9,596.326,593.419
1339825480,,41.34257575,-96.09132616,campus,MROW,43.5,926.552,920.13
1356594646,NTT PH1 Datacenter,33.35383442,-111.6123943,campus,AZNM,22.3,706.189,703.703
1357825755,Iron Mountain AZP-1,33.45448755,-111.9764551,campus,AZNM,22.3,706.189,703.703
751881301,CoreSite DC1,38.9028879,-77.0291491,point,RFCE,4.0,599.17,596.904
1825907839,Southwest Cyberport,35.1032925,-106.5893487,point,AZNM,22.3,706.189,703.703
2590601520,FCR,42.4378824,-123.3286299,point,NWPP,55.1,635.267,631.735
2607827436,SDSU Computer Room,32.7750252,-117.070888,point,CAMX,46.5,429.983,428.464
3406467087,NocRoom Miami IT Services,25.7915453,-80.3177484,point,FRCC,6.6,784.785,782.262
3406476814,NocRoom Miami IT Services,25.6465617,-80.4234346,point,FRCC,6.6,784.785,782.262
3732415309,The Pittock Internet Exchange,45.5214248,-122.680562,point,NWPP,55.1,635.267,631.735
5146323411,Open Computing Facility,37.8698521,-122.2598231,point,CAMX,46.5,429.983,428.464
6401035673,Rack59 Data Center,35.4672049,-97.6497453,point,SPSO,36.7,875.567,872.042
6625492701,Oso Grande,35.0925015,-106.6536712,point,AZNM,22.3,706.189,703.703
6685432442,Switch Tahoe Reno - The Citadel Campus,39.5140963,-119.4795921,point,NWPP,55.1,635.267,631.735
6808047613,Choctaw Nation of Oklahoma Data Center,33.971688,-96.4028494,point,SPSO,36.7,875.567,872.042
7171975407,FirstLight Data Center,43.6578388,-70.2613785,point,NEWE,19.2,543.178,539.275
7324132050,Windstream Communications,35.881397,-78.851552,point,SRVC,9.9,596.326,593.419
7324132051,Level 3 Communications,35.881364,-78.8515726,point,SRVC,9.9,596.326,593.419
7557854384,OptimumHQ,33.3804149,-111.7526684,point,AZNM,22.3,706.189,703.703
7557868585,The Chatfield Group,33.380601,-111.7528888,point,AZNM,22.3,706.189,703.703
7578821329,All About Serving Process Server,33.3199157,-111.809686,point,AZNM,22.3,706.189,703.703
7737996606,Emailage,33.302965,-111.8405386,point,AZNM,22.3,706.189,703.703
7821940847,Alliance Technology,33.3799862,-111.728405,point,AZNM,22.3,706.189,703.703
7985753364,8100 Boone Boulevard,38.9137236,-77.2258825,point,SRVC,9.9,596.326,593.419
8017899486,HiPerGator,29.6728187,-82.2997617,point,FRCC,6.6,784.785,782.262
8238715059,STACK Infrastructure,37.4027449,-121.891051,point,CAMX,46.5,429.983,428.464
8238715061,STACK Infrastructure,37.4026341,-121.891057,point,CAMX,46.5,429.983,428.464
8477460442,Digital West Data Center,35.2553162,-120.6415128,point,CAMX,46.5,429.983,428.464
8641856300,Chick-fil-A Hiring Center,42.6279424,-82.9883939,point,RFCM,11.2,975.978,970.617
8767284091,Ergonomic Group,41.7070776,-72.5898636,point,NEWE,19.2,543.178,539.275
8897151054,San Jose Colocation Center,37.3341181,-121.891646,point,CAMX,46.5,429.983,428.464
9092482804,Amazon IAD-69,39.0254851,-77.4146998,point,SRVC,9.9,596.326,593.419
9190480200,Stream Data Centers Houston,30.1781365,-95.4860464,point,SRMV,3.0,741.741,739.72
9669340912,Crown Castle Baltimore,39.2877017,-76.6064893,point,RFCE,4.0,599.17,596.904
9669405859,AiNET One Market Center,39.2917583,-76.6203737,point,RFCE,4.0,599.17,596.904
9669639033,Lumen McLean,38.9208538,-77.2115713,point,SRVC,9.9,596.326,593.419
9736262934,Frontier Science,42.9902011,-78.8123836,point,NYUP,41.8,242.776,242.089
9808044830,505 Marquette,35.0886289,-106.6526456,point,AZNM,22.3,706.189,703.703
9808044840,123 Central,35.0844494,-106.6489853,point,AZNM,22.3,706.189,703.703
9861806598,,39.1011816,-94.5788209,point,SPNO,40.1,867.74,861.999
9922928085,Netrality Data Centers,39.1009071,-94.5811452,point,SPNO,40.1,867.74,861.999
10567817971,Brandaleone Lab for Data and Visualization,36.0030993,-78.9385323,point,SRVC,9.9,596.326,593.419
10648552506,Frontier (supercomputer),35.9295133,-84.310567,point,SRTV,9.1,903.306,898.079
10780794741,,37.7796531,-122.3940005,point,CAMX,46.5,429.983,428.464
10796113031,VaultLogix,33.627367,-111.9017033,point,AZNM,22.3,706.189,703.703
10796113033,Profit Finder Pro Software,33.6272477,-111.9020476,point,AZNM,22.3,706.189,703.703
10798644674,DataPro USA Web Development,33.6116624,-111.9139825,point,AZNM,22.3,706.189,703.703
10880725408,e360,37.9710809,-122.0437382,point,CAMX,46.5,429.983,428.464
10938672218,K-Motion Interactive,33.6344843,-111.8843457,point,AZNM,22.3,706.189,703.703
11018926315,Iron Mountain Data Centers AZS-1,33.6446663,-111.8960985,point,AZNM,22.3,706.189,703.703
11113161710,Accelera Data Systems,33.6647455,-112.1117142,point,AZNM,22.3,706.189,703.703
11167641842,Expedient Owings Mills,39.4273178,-76.8115503,point,RFCE,4.0,599.17,596.904
11168593074,Lumen Baltimore,39.2917592,-76.6204024,point,RFCE,4.0,599.17,596.904
11168593094,Expedient Tidepoint,39.2746554,-76.5916709,point,RFCE,4.0,599.17,596.904
11220746125,Fiberhub LAS1,36.0669127,-115.1385274,point,AZNM,22.3,706.189,703.703
11400893880,Flexential - Denver - Centennial Data Center,39.5938733,-104.8431597,point,RMPA,41.9,1042.539,1036.601
11526819452,EarthClick.net LLC,43.7977597,-123.0604804,point,NWPP,55.1,635.267,631.735
11666916913,EdgeConneX Data Center,33.3955855,-111.9700762,point,AZNM,22.3,706.189,703.703
11815482844,,41.8072817,-83.6276287,point,RFCM,11.2,975.978,970.617
11924506303,IT,33.9102899,-117.5030207,point,CAMX,46.5,429.983,428.464
11938614120,"Alembic Computer Services, Inc.",33.4051307,-111.9773353,point,AZNM,22.3,706.189,703.703
11938631189,J-Curve Technologies,33.4131856,-111.9711539,point,AZNM,22.3,706.189,703.703
12112236372,Flexential Denver - Downtown,39.7459702,-104.9941589,point,RMPA,41.9,1042.539,1036.601
12112253571,Flexential Las Vegas - Downtown,36.1686118,-115.1430904,point,AZNM,22.3,706.189,703.703
12112266917,Flexential Jacksonville,30.2457482,-81.5817226,point,FRCC,6.6,784.785,782.262
12112270180,Flexential - Denver - Aurora,39.6610488,-104.8488321,point,RMPA,41.9,1042.539,1036.601
12112295055,Flexential Nashville - Brentwood,35.9727294,-86.8084949,point,SRTV,9.1,903.306,898.079
12112361725,Flexential Raleigh,35.8505281,-78.8291431,point,SRVC,9.9,596.326,593.419
12112380995,Flexential Tampa - West,28.0372991,-82.5399781,point,FRCC,6.6,784.785,782.262
12112382397,Flexential Salt Lake City - Lindon,40.332648,-111.7278754,point,NWPP,55.1,635.267,631.735
12221811811,Digital Realty New York JFK13,40.719928,-74.0044583,point,NYCW,0.6,865.744,864.469
12221880448,Digital Realty New York JFK12,40.7176766,-74.0084414,point,NYCW,0.6,865.744,864.469
12387534800,UNM Data Center,35.0867385,-106.6153476,point,AZNM,22.3,706.189,703.703
12437277166,Prime Santa Clara,37.3666621,-121.9628653,point,CAMX,46.5,429.983,428.464
12452254071,Open Data Centers Piscataway,40.5503501,-74.4568563,point,RFCE,4.0,599.17,596.904
12471740457,H5 Secaucus,40.7853948,-74.0750122,point,RFCE,4.0,599.17,596.904
12550746951,"Forescout Technologies, Inc.",37.3228675,-121.9474176,point,CAMX,46.5,429.983,428.464
